Persona Precision,Entity Precision,Action Precision,Persona Recall,Entity Recall,Action Recall,Persona F-Measure,Entity F-Measure,Action F-Measure
0.9142857142857143,0.4380952380952381,0.9079365079365079,0.9142857142857143,0.11794871794871795,0.3907103825136612,0.9142857142857143,0.18585858585858583,0.5463228271251194
