Persona Precision,Entity Precision,Action Precision,Persona Recall,Entity Recall,Action Recall,Persona F-Measure,Entity F-Measure,Action F-Measure
0.9134615384615384,0.4391025641025641,0.9102564102564102,0.9134615384615384,0.11810344827586207,0.3917241379310345,0.9134615384615384,0.18614130434782608,0.5477338476374157
