Persona Precision,Entity Precision,Action Precision,Persona Recall,Entity Recall,Action Recall,Persona F-Measure,Entity F-Measure,Action F-Measure
0.9015873015873016,0.6158730158730159,0.9777777777777777,0.9015873015873016,0.1658119658119658,0.4207650273224044,0.9015873015873016,0.2612794612794613,0.5883476599808979
