Persona Precision,Entity Precision,Action Precision,Persona Recall,Entity Recall,Action Recall,Persona F-Measure,Entity F-Measure,Action F-Measure
0.9006410256410257,0.6185897435897436,0.9807692307692307,0.9006410256410257,0.16637931034482759,0.4220689655172414,0.9006410256410257,0.26222826086956524,0.5901639344262296
