Persona Precision,Entity Precision,Action Precision,Persona Recall,Entity Recall,Action Recall,Persona F-Measure,Entity F-Measure,Action F-Measure
0.9006410256410257,0.42948717948717946,0.9102564102564102,0.9006410256410257,0.11551724137931034,0.3917241379310345,0.9006410256410257,0.18206521739130435,0.5477338476374157
