Persona Precision,Entity Precision,Action Precision,Persona Recall,Entity Recall,Action Recall,Persona F-Measure,Entity F-Measure,Action F-Measure
0.8356807511737089,0.22532588454376165,0.08181818181818182,0.8422712933753943,0.5076923076923077,0.13177159590043924,0.8389630793401414,0.31212381771281167,0.10095344924284913
0.8829787234042553,0.19921875,0.07971014492753623,0.8829787234042553,0.49514563106796117,0.11,0.8829787234042553,0.2841225626740947,0.09243697478991594
0.9922480620155039,0.28994082840236685,0.043137254901960784,0.9922480620155039,0.7480916030534351,0.08461538461538462,0.9922480620155039,0.41791044776119396,0.057142857142857155
0.9323843416370107,0.34341637010676157,0.07294117647058823,0.9357142857142857,0.6107594936708861,0.0981012658227848,0.9340463458110516,0.43963553530751714,0.08367071524966262
0.6875,0.25630252100840334,0.08875739644970414,0.6875,0.5083333333333333,0.1271186440677966,0.6875,0.3407821229050279,0.10452961672473866
0.958139534883721,0.3060747663551402,0.07716049382716049,0.976303317535545,0.5198412698412699,0.1141552511415525,0.9671361502347418,0.38529411764705884,0.09208103130755063
