Persona Precision,Entity Precision,Action Precision,Persona Recall,Entity Recall,Action Recall,Persona F-Measure,Entity F-Measure,Action F-Measure
0.8841940532081377,0.16883923029174425,0.1009090909090909,0.8911671924290221,0.3804195804195804,0.16251830161054173,0.8876669285153181,0.233877901977644,0.12450925406618059
0.8829787234042553,0.1875,0.07971014492753623,0.8829787234042553,0.46601941747572817,0.11,0.8829787234042553,0.26740947075208915,0.09243697478991594
1.0,0.25443786982248523,0.047058823529411764,1.0,0.6564885496183206,0.09230769230769231,1.0,0.36673773987206826,0.06233766233766234
0.9893238434163701,0.26334519572953735,0.08470588235294117,0.9928571428571429,0.46835443037974683,0.11392405063291139,0.9910873440285205,0.33712984054669703,0.097165991902834
0.8035714285714286,0.20588235294117646,0.11242603550295859,0.8035714285714286,0.4083333333333333,0.16101694915254236,0.8035714285714286,0.27374301675977647,0.132404181184669
0.9767441860465116,0.2803738317757009,0.09567901234567901,0.995260663507109,0.47619047619047616,0.1415525114155251,0.9859154929577465,0.35294117647058826,0.1141804788213628
