Persona Precision,Entity Precision,Action Precision,Persona Recall,Entity Recall,Action Recall,Persona F-Measure,Entity F-Measure,Action F-Measure
0.9904153354632588,0.25944841675178754,0.45385779122541603,0.9935897435897436,0.7470588235294118,0.8928571428571429,0.992,0.3851402577710386,0.6018054162487463
