Persona Precision,Entity Precision,Action Precision,Persona Recall,Entity Recall,Action Recall,Persona F-Measure,Entity F-Measure,Action F-Measure
0.9904153354632588,0.2727272727272727,0.46747352496217853,0.9935897435897436,0.7852941176470588,0.9196428571428571,0.992,0.40485216072782404,0.6198595787362087
