Persona Precision,Entity Precision,Action Precision,Persona Recall,Entity Recall,Action Recall,Persona F-Measure,Entity F-Measure,Action F-Measure
0.9904153354632588,0.25842696629213485,0.4523449319213313,0.9935897435897436,0.7441176470588236,0.8898809523809523,0.992,0.3836239575435937,0.5997993981945837
