Persona Precision,Entity Precision,Action Precision,Persona Recall,Entity Recall,Action Recall,Persona F-Measure,Entity F-Measure,Action F-Measure
0.11764705882352941,0.04411764705882353,0.058823529411764705,0.11764705882352941,0.013452914798206279,0.025477707006369428,0.11764705882352941,0.020618556701030927,0.035555555555555556
0.9215686274509803,0.3333333333333333,0.9411764705882353,0.9215686274509803,0.09883720930232558,0.38095238095238093,0.9215686274509803,0.15246636771300448,0.5423728813559321
0.03773584905660377,0.4716981132075472,0.9245283018867925,0.03773584905660377,0.10775862068965517,0.3858267716535433,0.03773584905660377,0.1754385964912281,0.5444444444444444
0.5365853658536586,0.17073170731707318,0.3902439024390244,0.5365853658536586,0.03553299492385787,0.1553398058252427,0.5365853658536586,0.05882352941176471,0.22222222222222218
0.29896907216494845,0.422680412371134,0.8865979381443299,0.29896907216494845,0.1132596685082873,0.3598326359832636,0.29896907216494845,0.17864923747276687,0.511904761904762
0.24528301886792453,0.5471698113207547,0.8679245283018868,0.24528301886792453,0.17159763313609466,0.42592592592592593,0.24528301886792453,0.26126126126126126,0.5714285714285715
0.9807692307692307,0.5576923076923077,0.8653846153846154,0.9807692307692307,0.13302752293577982,0.2922077922077922,0.9807692307692307,0.21481481481481485,0.4368932038834952
0.9402985074626866,0.31343283582089554,0.9104477611940298,0.9402985074626866,0.09051724137931035,0.32972972972972975,0.9402985074626865,0.14046822742474918,0.48412698412698413
0.328125,0.390625,0.953125,0.328125,0.0984251968503937,0.46564885496183206,0.328125,0.15723270440251574,0.6256410256410256
