Persona Precision,Entity Precision,Action Precision,Persona Recall,Entity Recall,Action Recall,Persona F-Measure,Entity F-Measure,Action F-Measure
0.9901960784313726,0.7746650426309378,0.825,0.9950738916256158,0.7940074906367042,0.8552915766738661,0.9926289926289927,0.7842170160295932,0.8398727465535525
0.9743589743589743,0.825136612021858,0.7,0.9743589743589743,0.8728323699421965,0.7692307692307693,0.9743589743589743,0.848314606741573,0.7329842931937172
1.0,0.8188976377952756,0.9,1.0,0.8387096774193549,0.8372093023255814,1.0,0.8286852589641434,0.8674698795180723
1.0,0.746177370030581,0.822429906542056,1.0,0.7371601208459214,0.8461538461538461,1.0,0.7416413373860182,0.8341232227488151
1.0,0.7423312883435583,0.8260869565217391,1.0,0.7245508982035929,0.7835051546391752,1.0,0.7333333333333334,0.8042328042328043
1.0,0.7366071428571429,0.7668711656441718,1.0,0.7112068965517241,0.7668711656441718,1.0,0.7236842105263158,0.7668711656441717
