Persona Precision,Entity Precision,Action Precision,Persona Recall,Entity Recall,Action Recall,Persona F-Measure,Entity F-Measure,Action F-Measure
0.9901960784313726,0.8258221680876979,0.8625,0.9950738916256158,0.846441947565543,0.8941684665226782,0.9926289926289927,0.8360049321824907,0.8780487804878049
0.9743589743589743,0.8633879781420765,0.74,0.9743589743589743,0.9132947976878613,0.8131868131868132,0.9743589743589743,0.8876404494382022,0.774869109947644
1.0,0.8503937007874016,0.9125,1.0,0.8709677419354839,0.8488372093023255,1.0,0.8605577689243028,0.8795180722891567
1.0,0.7951070336391437,0.8644859813084113,1.0,0.7854984894259819,0.8894230769230769,1.0,0.7902735562310029,0.8767772511848341
1.0,0.7852760736196319,0.8804347826086957,1.0,0.7664670658682635,0.8350515463917526,1.0,0.7757575757575758,0.8571428571428571
1.0,0.8035714285714286,0.8159509202453987,1.0,0.7758620689655172,0.8159509202453987,1.0,0.7894736842105263,0.8159509202453987
