Persona Precision,Entity Precision,Action Precision,Persona Recall,Entity Recall,Action Recall,Persona F-Measure,Entity F-Measure,Action F-Measure
0.8345864661654135,0.21194029850746268,0.09166666666666666,0.8409090909090909,0.4930555555555556,0.1527777777777778,0.8377358490566038,0.2964509394572025,0.11458333333333331
0.92,0.19117647058823528,0.11764705882352941,0.92,0.48148148148148145,0.14814814814814814,0.92,0.2736842105263158,0.13114754098360654
1.0,0.3188405797101449,0.0625,1.0,0.8148148148148148,0.1111111111111111,1.0,0.4583333333333333,0.08
0.9285714285714286,0.2956521739130435,0.05952380952380952,0.9285714285714286,0.5666666666666667,0.07936507936507936,0.9285714285714286,0.38857142857142857,0.06802721088435373
0.6551724137931034,0.21212121212121213,0.08888888888888889,0.6551724137931034,0.4117647058823529,0.12903225806451613,0.6551724137931034,0.27999999999999997,0.10526315789473684
1.0,0.30952380952380953,0.06451612903225806,1.0,0.5416666666666666,0.09090909090909091,1.0,0.3939393939393939,0.07547169811320754
