Persona Precision,Entity Precision,Action Precision,Persona Recall,Entity Recall,Action Recall,Persona F-Measure,Entity F-Measure,Action F-Measure
0.8252427184466019,0.22448979591836735,0.07238605898123325,0.8374384236453202,0.5238095238095238,0.12162162162162163,0.8312958435207823,0.3142857142857143,0.09075630252100841
0.8974358974358975,0.1834862385321101,0.07142857142857142,0.8974358974358975,0.46511627906976744,0.09523809523809523,0.8974358974358975,0.26315789473684215,0.08163265306122448
1.0,0.3,0.06329113924050633,1.0,0.7857142857142857,0.12195121951219512,1.0,0.4342105263157895,0.08333333333333334
0.9540229885057471,0.2824858757062147,0.064,0.9540229885057471,0.5376344086021505,0.08163265306122448,0.9540229885057472,0.3703703703703703,0.07174887892376683
0.6818181818181818,0.21875,0.06666666666666667,0.6818181818181818,0.42,0.10416666666666667,0.6818181818181818,0.28767123287671237,0.08130081300813008
0.9850746268656716,0.30656934306569344,0.06315789473684211,0.9850746268656716,0.5454545454545454,0.08823529411764706,0.9850746268656716,0.3925233644859813,0.0736196319018405
