Persona Precision,Entity Precision,Action Precision,Persona Recall,Entity Recall,Action Recall,Persona F-Measure,Entity F-Measure,Action F-Measure
1.0,0.7872340425531915,0.9194630872483222,1.0,0.7708333333333334,0.9513888888888888,1.0,0.7789473684210526,0.9351535836177475
1.0,0.8,0.96,1.0,0.5925925925925926,0.8888888888888888,1.0,0.6808510638297872,0.923076923076923
1.0,0.9583333333333334,0.9259259259259259,1.0,0.8518518518518519,0.9259259259259259,1.0,0.9019607843137256,0.9259259259259259
1.0,0.7678571428571429,0.9508196721311475,1.0,0.7166666666666667,0.9206349206349206,1.0,0.7413793103448276,0.9354838709677418
1.0,0.6071428571428571,0.8275862068965517,1.0,0.5,0.7741935483870968,1.0,0.5483870967741935,0.7999999999999999
1.0,0.8333333333333334,0.9111111111111111,1.0,0.7291666666666666,0.9318181818181818,1.0,0.7777777777777777,0.9213483146067416
