Persona Precision,Entity Precision,Action Precision,Persona Recall,Entity Recall,Action Recall,Persona F-Measure,Entity F-Measure,Action F-Measure
0.9958677685950413,0.7600849256900213,0.888468809073724,0.9958677685950413,0.6617375231053605,0.9003831417624522,0.9958677685950413,0.7075098814229249,0.8943862987630828
