Persona Precision,Entity Precision,Action Precision,Persona Recall,Entity Recall,Action Recall,Persona F-Measure,Entity F-Measure,Action F-Measure
0.9771986970684039,0.2584221748400853,0.4688995215311005,0.9848982271831911,0.7079439252336449,0.9012875536480687,0.9810333551340745,0.3786316776007497,0.6168694922366764
