Persona Precision,Entity Precision,Action Precision,Persona Recall,Entity Recall,Action Recall,Persona F-Measure,Entity F-Measure,Action F-Measure
0.9771986970684039,0.2714285714285714,0.48325358851674644,0.9848982271831911,0.7435747663551402,0.9288779889638259,0.9810333551340745,0.39768822243049046,0.6357532522031054
