Persona Precision,Entity Precision,Action Precision,Persona Recall,Entity Recall,Action Recall,Persona F-Measure,Entity F-Measure,Action F-Measure
0.9771986970684039,0.2547974413646055,0.46794258373205744,0.9848982271831911,0.6980140186915887,0.8994481912936848,0.9810333551340745,0.37332083723836296,0.6156105749055812
