Persona Precision,Entity Precision,Action Precision,Persona Recall,Entity Recall,Action Recall,Persona F-Measure,Entity F-Measure,Action F-Measure
0.8560760353021045,0.4719721173395295,0.08354011579818031,0.8619275461380724,0.30103742126713595,0.061510353227771014,0.8589918256130791,0.3676054744938355,0.07085233251490707
