Persona Precision,Entity Precision,Action Precision,Persona Recall,Entity Recall,Action Recall,Persona F-Measure,Entity F-Measure,Action F-Measure
0.5750514050719671,0.38108293351610695,0.9108978752570254,0.5746575342465754,0.3392312385600976,0.8492012779552716,0.5748544021925317,0.35894125242091673,0.878968253968254
