Persona Precision,Entity Precision,Action Precision,Persona Recall,Entity Recall,Action Recall,Persona F-Measure,Entity F-Measure,Action F-Measure
0.8965044551062371,0.5181631254283756,0.976010966415353,0.8958904109589041,0.4612568639414277,0.9099041533546326,0.8961973278520041,0.48805681084570696,0.9417989417989417
