Persona Precision,Entity Precision,Action Precision,Persona Recall,Entity Recall,Action Recall,Persona F-Measure,Entity F-Measure,Action F-Measure
0.5777930089102125,0.5181631254283756,0.976010966415353,0.5773972602739726,0.4612568639414277,0.9099041533546326,0.5775950668036999,0.48805681084570696,0.9417989417989417
