Persona Precision,Entity Precision,Action Precision,Persona Recall,Entity Recall,Action Recall,Persona F-Measure,Entity F-Measure,Action F-Measure
0.5750514050719671,0.37971213159698425,0.9108978752570254,0.5746575342465754,0.33801098230628435,0.8492012779552716,0.5748544021925317,0.3576500968366688,0.878968253968254
