Persona Precision,Entity Precision,Action Precision,Persona Recall,Entity Recall,Action Recall,Persona F-Measure,Entity F-Measure,Action F-Measure
0.8917066483893078,0.37971213159698425,0.9108978752570254,0.8910958904109589,0.33801098230628435,0.8492012779552716,0.8914011647824598,0.3576500968366688,0.878968253968254
