Persona Precision,Entity Precision,Action Precision,Persona Recall,Entity Recall,Action Recall,Persona F-Measure,Entity F-Measure,Action F-Measure
0.6136363636363636,0.44696969696969696,0.9166666666666666,0.6136363636363636,0.11568627450980393,0.39285714285714285,0.6136363636363636,0.18380062305295952,0.55
0.6,0.28,0.92,0.6,0.0625,0.3770491803278688,0.6,0.10218978102189781,0.5348837209302325
1.0,0.7037037037037037,0.9259259259259259,1.0,0.24675324675324675,0.45454545454545453,1.0,0.3653846153846154,0.6097560975609756
0.5714285714285714,0.4642857142857143,0.9285714285714286,0.5714285714285714,0.12560386473429952,0.3880597014925373,0.5714285714285714,0.19771863117870725,0.5473684210526316
0.2413793103448276,0.2413793103448276,0.7586206896551724,0.2413793103448276,0.06363636363636363,0.34375,0.2413793103448276,0.10071942446043165,0.4731182795698925
0.37209302325581395,0.4418604651162791,0.9534883720930233,0.37209302325581395,0.13194444444444445,0.39805825242718446,0.3720930232558139,0.20320855614973263,0.5616438356164384
