Persona Precision,Entity Precision,Action Precision,Persona Recall,Entity Recall,Action Recall,Persona F-Measure,Entity F-Measure,Action F-Measure
0.5867768595041323,0.3677685950413223,0.8987603305785123,0.5867768595041323,0.3290203327171904,0.8333333333333334,0.5867768595041323,0.34731707317073174,0.8648111332007952
