Persona Precision,Entity Precision,Action Precision,Persona Recall,Entity Recall,Action Recall,Persona F-Measure,Entity F-Measure,Action F-Measure
0.9006410256410257,0.5416666666666666,0.9743589743589743,0.9006410256410257,0.4970588235294118,0.9047619047619048,0.9006410256410257,0.5184049079754601,0.9382716049382716
