Persona Precision,Entity Precision,Action Precision,Persona Recall,Entity Recall,Action Recall,Persona F-Measure,Entity F-Measure,Action F-Measure
0.9006410256410257,0.3814102564102564,0.907051282051282,0.9006410256410257,0.35,0.8422619047619048,0.9006410256410257,0.3650306748466257,0.8734567901234568
