Persona Precision,Entity Precision,Action Precision,Persona Recall,Entity Recall,Action Recall,Persona F-Measure,Entity F-Measure,Action F-Measure
0.9015873015873016,0.38095238095238093,0.9047619047619048,0.9015873015873016,0.34782608695652173,0.8407079646017699,0.9015873015873016,0.3636363636363636,0.8715596330275229
