Persona Precision,Entity Precision,Action Precision,Persona Recall,Entity Recall,Action Recall,Persona F-Measure,Entity F-Measure,Action F-Measure,Comparison Mode, Comparison Type
1.0,0.3333333333333333,0.0,1.0,0.3333333333333333,0.0,1.0,0.3333333333333333,0,1,Strict Comparison
1.0,0.3333333333333333,0.0,1.0,0.3333333333333333,0.0,1.0,0.3333333333333333,0,1,Strict Comparison
0.9387755102040817,0.4777777777777778,0.058823529411764705,0.9583333333333334,0.2654320987654321,0.03571428571428571,0.9484536082474228,0.3412698412698413,0.044444444444444446,1,Strict Comparison
