Persona Precision,Entity Precision,Action Precision,Persona Recall,Entity Recall,Action Recall,Persona F-Measure,Entity F-Measure,Action F-Measure
0.9611712285168682,0.8371539148556117,0.7660649819494585,0.9914642153644123,0.5037620924399857,0.6235674404936821,0.976082740788623,0.6290124147187116,0.6875101247367568
