Persona Precision,Entity Precision,Action Precision,Persona Recall,Entity Recall,Action Recall,Persona F-Measure,Entity F-Measure,Action F-Measure
0.9611712285168682,0.8925275379577255,0.7898916967509025,0.9914642153644123,0.5370834826227159,0.6429620922715251,0.976082740788623,0.6706184990493234,0.7088935687672121
