Persona Precision,Entity Precision,Action Precision,Persona Recall,Entity Recall,Action Recall,Persona F-Measure,Entity F-Measure,Action F-Measure
0.9611712285168682,0.8258410241143197,0.7357400722021661,0.9914642153644123,0.49695449659620206,0.5988833382309726,0.976082740788623,0.6205122469522425,0.6602948323343593
