Persona Precision,Entity Precision,Action Precision,Persona Recall,Entity Recall,Action Recall,Persona F-Measure,Entity F-Measure,Action F-Measure
0.883495145631068,0.17625231910946196,0.08310991957104558,0.896551724137931,0.41125541125541126,0.13963963963963963,0.8899755501222495,0.24675324675324672,0.1042016806722689
0.8974358974358975,0.1926605504587156,0.07142857142857142,0.8974358974358975,0.4883720930232558,0.09523809523809523,0.8974358974358975,0.27631578947368424,0.08163265306122448
1.0,0.2727272727272727,0.06329113924050633,1.0,0.7142857142857143,0.12195121951219512,1.0,0.3947368421052631,0.08333333333333334
1.0,0.20903954802259886,0.072,1.0,0.3978494623655914,0.09183673469387756,1.0,0.2740740740740741,0.08071748878923767
0.75,0.16666666666666666,0.09333333333333334,0.75,0.32,0.14583333333333334,0.75,0.2191780821917808,0.11382113821138211
1.0,0.2846715328467153,0.09473684210526316,1.0,0.5064935064935064,0.1323529411764706,1.0,0.3644859813084112,0.11042944785276074
