Persona Precision,Entity Precision,Action Precision,Persona Recall,Entity Recall,Action Recall,Persona F-Measure,Entity F-Measure,Action F-Measure
0.9636479591836735,0.2963294538943599,0.4677011909058102,0.9921208141825345,0.5800233644859814,0.7946045370938075,0.9776771271433194,0.39225755480940155,0.5888232621535666
