Persona Precision,Entity Precision,Action Precision,Persona Recall,Entity Recall,Action Recall,Persona F-Measure,Entity F-Measure,Action F-Measure
0.9636479591836735,0.31632348552670847,0.4886322627210393,0.9921208141825345,0.6191588785046729,0.8301655426118946,0.9776771271433194,0.4187240766344065,0.615174920490686
