Persona Precision,Entity Precision,Action Precision,Persona Recall,Entity Recall,Action Recall,Persona F-Measure,Entity F-Measure,Action F-Measure
0.9636479591836735,0.29304685168606387,0.46661854926019486,0.9921208141825345,0.5735981308411215,0.7927651747394237,0.9776771271433194,0.3879123049575351,0.5874602453430258
