Persona Precision,Entity Precision,Action Precision,Persona Recall,Entity Recall,Action Recall,Persona F-Measure,Entity F-Measure,Action F-Measure
1.0,0.7575757575757576,0.9104046242774566,1.0,0.6521739130434783,0.9292035398230089,1.0,0.7009345794392523,0.9197080291970804
