Persona Precision,Entity Precision,Action Precision,Persona Recall,Entity Recall,Action Recall,Persona F-Measure,Entity F-Measure,Action F-Measure
1.0,0.832258064516129,0.9122807017543859,1.0,0.7478260869565218,0.9203539823008849,1.0,0.7877862595419848,0.9162995594713657
