Persona Precision,Entity Precision,Action Precision,Persona Recall,Entity Recall,Action Recall,Persona F-Measure,Entity F-Measure,Action F-Measure
1.0,0.7641196013289037,0.9063444108761329,1.0,0.6764705882352942,0.8928571428571429,1.0,0.7176287051482059,0.8995502248875563
