Persona Precision,Entity Precision,Action Precision,Persona Recall,Entity Recall,Action Recall,Persona F-Measure,Entity F-Measure,Action F-Measure
1.0,0.8322368421052632,0.9264705882352942,1.0,0.7333333333333333,0.9292035398230089,1.0,0.7796610169491526,0.9278350515463918
