Persona Precision,Entity Precision,Action Precision,Persona Recall,Entity Recall,Action Recall,Persona F-Measure,Entity F-Measure,Action F-Measure
1.0,0.8073089700996677,0.9395770392749244,1.0,0.7147058823529412,0.9255952380952381,1.0,0.7581903276131046,0.9325337331334332
