Persona Precision,Entity Precision,Action Precision,Persona Recall,Entity Recall,Action Recall,Persona F-Measure,Entity F-Measure,Action F-Measure
0.9958677685950413,0.8067940552016986,0.9262759924385633,0.9958677685950413,0.7024029574861368,0.9386973180076629,0.9958677685950413,0.7509881422924901,0.9324452901998097
