Persona Precision,Entity Precision,Action Precision,Persona Recall,Entity Recall,Action Recall,Persona F-Measure,Entity F-Measure,Action F-Measure
1.0,0.8483870967741935,0.9473684210526315,1.0,0.7623188405797101,0.9557522123893806,1.0,0.8030534351145038,0.9515418502202644
