Persona Precision,Entity Precision,Action Precision,Persona Recall,Entity Recall,Action Recall,Persona F-Measure,Entity F-Measure,Action F-Measure
1.0,0.8258064516129032,0.9122807017543859,1.0,0.7420289855072464,0.9203539823008849,1.0,0.7816793893129772,0.9162995594713657
