Persona Precision,Entity Precision,Action Precision,Persona Recall,Entity Recall,Action Recall,Persona F-Measure,Entity F-Measure,Action F-Measure
1.0,0.7574750830564784,0.9063444108761329,1.0,0.6705882352941176,0.8928571428571429,1.0,0.7113884555382215,0.8995502248875563
