Persona Precision,Entity Precision,Action Precision,Persona Recall,Entity Recall,Action Recall,Persona F-Measure,Entity F-Measure,Action F-Measure
1.0,0.8256578947368421,0.9264705882352942,1.0,0.7275362318840579,0.9292035398230089,1.0,0.773497688751926,0.9278350515463918
