Persona Precision,Entity Precision,Action Precision,Persona Recall,Entity Recall,Action Recall,Persona F-Measure,Entity F-Measure,Action F-Measure
1.0,0.7508417508417509,0.9075144508670521,1.0,0.6463768115942029,0.9262536873156342,1.0,0.6947040498442367,0.9167883211678832
