Persona Precision,Entity Precision,Action Precision,Persona Recall,Entity Recall,Action Recall,Persona F-Measure,Entity F-Measure,Action F-Measure
0.9901960784313726,0.6976744186046512,0.9030837004405287,0.9950738916256158,0.6493506493506493,0.9234234234234234,0.9926289926289927,0.672645739910314,0.9131403118040089
0.9743589743589743,0.9354838709677419,0.9230769230769231,0.9743589743589743,0.6744186046511628,0.8571428571428571,0.9743589743589743,0.7837837837837838,0.888888888888889
1.0,0.8918918918918919,0.9285714285714286,1.0,0.7857142857142857,0.9512195121951219,1.0,0.8354430379746834,0.9397590361445782
1.0,0.7529411764705882,0.91,1.0,0.6881720430107527,0.9285714285714286,1.0,0.7191011235955056,0.9191919191919193
1.0,0.46153846153846156,0.8043478260869565,1.0,0.36,0.7708333333333334,1.0,0.4044943820224719,0.7872340425531915
1.0,0.7014925373134329,0.9130434782608695,1.0,0.6103896103896104,0.9264705882352942,1.0,0.6527777777777777,0.9197080291970804
