Persona Precision,Entity Precision,Action Precision,Persona Recall,Entity Recall,Action Recall,Persona F-Measure,Entity F-Measure,Action F-Measure
1.0,0.8041958041958042,0.9319727891156463,1.0,0.7986111111111112,0.9513888888888888,1.0,0.8013937282229965,0.9415807560137457
1.0,0.8947368421052632,0.9615384615384616,1.0,0.6296296296296297,0.9259259259259259,1.0,0.7391304347826088,0.9433962264150944
1.0,0.9166666666666666,0.8928571428571429,1.0,0.8148148148148148,0.9259259259259259,1.0,0.8627450980392156,0.9090909090909091
1.0,0.7894736842105263,0.9508196721311475,1.0,0.75,0.9206349206349206,1.0,0.7692307692307692,0.9354838709677418
1.0,0.6296296296296297,0.8275862068965517,1.0,0.5,0.7741935483870968,1.0,0.5573770491803278,0.7999999999999999
1.0,0.9047619047619048,0.9333333333333333,1.0,0.7916666666666666,0.9545454545454546,1.0,0.8444444444444444,0.9438202247191012
