Persona Precision,Entity Precision,Action Precision,Persona Recall,Entity Recall,Action Recall,Persona F-Measure,Entity F-Measure,Action F-Measure
0.9901960784313726,0.7767441860465116,0.9383259911894273,0.9950738916256158,0.7229437229437229,0.9594594594594594,0.9926289926289927,0.7488789237668162,0.9487750556792872
0.9743589743589743,0.9032258064516129,0.9230769230769231,0.9743589743589743,0.6511627906976745,0.8571428571428571,0.9743589743589743,0.7567567567567568,0.888888888888889
1.0,0.8918918918918919,0.9523809523809523,1.0,0.7857142857142857,0.975609756097561,1.0,0.8354430379746834,0.963855421686747
1.0,0.8235294117647058,0.94,1.0,0.7526881720430108,0.9591836734693877,1.0,0.7865168539325843,0.9494949494949495
1.0,0.48717948717948717,0.8913043478260869,1.0,0.38,0.8541666666666666,1.0,0.4269662921348315,0.8723404255319149
1.0,0.7611940298507462,0.927536231884058,1.0,0.6623376623376623,0.9411764705882353,1.0,0.7083333333333334,0.9343065693430658
