Persona Precision,Entity Precision,Action Precision,Persona Recall,Entity Recall,Action Recall,Persona F-Measure,Entity F-Measure,Action F-Measure
1.0,0.8085106382978723,0.9530201342281879,1.0,0.7916666666666666,0.9861111111111112,1.0,0.7999999999999999,0.969283276450512
1.0,0.8,0.96,1.0,0.5925925925925926,0.8888888888888888,1.0,0.6808510638297872,0.923076923076923
1.0,0.9583333333333334,0.9629629629629629,1.0,0.8518518518518519,0.9629629629629629,1.0,0.9019607843137256,0.9629629629629629
1.0,0.8035714285714286,0.9836065573770492,1.0,0.75,0.9523809523809523,1.0,0.7758620689655172,0.9677419354838709
1.0,0.6428571428571429,0.896551724137931,1.0,0.5294117647058824,0.8387096774193549,1.0,0.5806451612903226,0.8666666666666666
1.0,0.8571428571428571,0.9555555555555556,1.0,0.75,0.9772727272727273,1.0,0.7999999999999999,0.9662921348314608
