Persona Precision,Entity Precision,Action Precision,Persona Recall,Entity Recall,Action Recall,Persona F-Measure,Entity F-Measure,Action F-Measure
1.0,0.8251748251748252,0.9659863945578231,1.0,0.8194444444444444,0.9861111111111112,1.0,0.8222996515679443,0.9759450171821307
1.0,0.8421052631578947,0.9615384615384616,1.0,0.5925925925925926,0.9259259259259259,1.0,0.6956521739130435,0.9433962264150944
1.0,0.9166666666666666,0.9285714285714286,1.0,0.8148148148148148,0.9629629629629629,1.0,0.8627450980392156,0.9454545454545454
1.0,0.8070175438596491,0.9836065573770492,1.0,0.7666666666666667,0.9523809523809523,1.0,0.7863247863247863,0.9677419354838709
1.0,0.6666666666666666,0.896551724137931,1.0,0.5294117647058824,0.8387096774193549,1.0,0.5901639344262295,0.8666666666666666
1.0,0.9285714285714286,0.9555555555555556,1.0,0.8125,0.9772727272727273,1.0,0.8666666666666666,0.9662921348314608
