Persona Precision,Entity Precision,Action Precision,Persona Recall,Entity Recall,Action Recall,Persona F-Measure,Entity F-Measure,Action F-Measure
1.0,0.6962962962962963,0.9183673469387755,1.0,0.6527777777777778,0.9375,1.0,0.6738351254480287,0.9278350515463918
1.0,0.8181818181818182,0.96,1.0,0.6666666666666666,0.8888888888888888,1.0,0.7346938775510203,0.923076923076923
1.0,0.8260869565217391,0.8928571428571429,1.0,0.7037037037037037,0.9259259259259259,1.0,0.76,0.9090909090909091
1.0,0.7777777777777778,0.96875,1.0,0.7,0.9841269841269841,1.0,0.7368421052631577,0.9763779527559054
1.0,0.48148148148148145,0.78125,1.0,0.38235294117647056,0.8064516129032258,1.0,0.4262295081967213,0.7936507936507936
1.0,0.717391304347826,0.9318181818181818,1.0,0.6875,0.9318181818181818,1.0,0.702127659574468,0.9318181818181818
