Persona Precision,Entity Precision,Action Precision,Persona Recall,Entity Recall,Action Recall,Persona F-Measure,Entity F-Measure,Action F-Measure
0.5867768595041323,0.5289256198347108,0.9669421487603306,0.5867768595041323,0.4731977818853974,0.896551724137931,0.5867768595041323,0.4995121951219513,0.9304174950298211
