Persona Precision,Entity Precision,Action Precision,Persona Recall,Entity Recall,Action Recall,Persona F-Measure,Entity F-Measure,Action F-Measure
0.870253164556962,0.6291834002677377,0.08846153846153847,0.873015873015873,0.4017094017094017,0.06284153005464481,0.8716323296354992,0.49034950443401143,0.07348242811501599
