Persona Precision,Entity Precision,Action Precision,Persona Recall,Entity Recall,Action Recall,Persona F-Measure,Entity F-Measure,Action F-Measure
0.11764705882352941,0.04411764705882353,0.058823529411764705,0.11764705882352941,0.013452914798206279,0.025477707006369428,0.11764705882352941,0.020618556701030927,0.035555555555555556
0.9215686274509803,0.3333333333333333,0.9411764705882353,0.9215686274509803,0.09883720930232558,0.38095238095238093,0.9215686274509803,0.15246636771300448,0.5423728813559321
0.03773584905660377,0.4339622641509434,0.9245283018867925,0.03773584905660377,0.09913793103448276,0.3858267716535433,0.03773584905660377,0.16140350877192983,0.5444444444444444
0.43902439024390244,0.07317073170731707,0.3902439024390244,0.43902439024390244,0.015228426395939087,0.1553398058252427,0.43902439024390244,0.025210084033613446,0.22222222222222218
0.29896907216494845,0.41237113402061853,0.8865979381443299,0.29896907216494845,0.11049723756906077,0.3598326359832636,0.29896907216494845,0.17429193899782133,0.511904761904762
0.24528301886792453,0.5283018867924528,0.8679245283018868,0.24528301886792453,0.16568047337278108,0.42592592592592593,0.24528301886792453,0.25225225225225223,0.5714285714285715
0.9807692307692307,0.5576923076923077,0.8653846153846154,0.9807692307692307,0.13302752293577982,0.2922077922077922,0.9807692307692307,0.21481481481481485,0.4368932038834952
0.9402985074626866,0.29850746268656714,0.9104477611940298,0.9402985074626866,0.08620689655172414,0.32972972972972975,0.9402985074626865,0.13377926421404682,0.48412698412698413
0.328125,0.375,0.953125,0.328125,0.09448818897637795,0.46564885496183206,0.328125,0.1509433962264151,0.6256410256410256
