Persona Precision,Entity Precision,Action Precision,Persona Recall,Entity Recall,Action Recall,Persona F-Measure,Entity F-Measure,Action F-Measure
0.8521560574948666,0.4634974533106961,0.07530864197530865,0.8574380165289256,0.2970620239390642,0.054708520179372194,0.8547888774459321,0.3620689655172413,0.06337662337662338
