Persona Precision,Entity Precision,Action Precision,Persona Recall,Entity Recall,Action Recall,Persona F-Measure,Entity F-Measure,Action F-Measure
0.11764705882352941,0.029411764705882353,0.10294117647058823,0.11764705882352941,0.028985507246376812,0.1,0.11764705882352941,0.029197080291970805,0.10144927536231883
0.9215686274509803,0.45098039215686275,1.0,0.9215686274509803,0.3898305084745763,0.9107142857142857,0.9215686274509803,0.4181818181818182,0.9532710280373832
0.03773584905660377,0.5283018867924528,0.9622641509433962,0.03773584905660377,0.4745762711864407,0.9272727272727272,0.03773584905660377,0.5,0.9444444444444444
0.43902439024390244,0.07317073170731707,0.3902439024390244,0.43902439024390244,0.07142857142857142,0.37209302325581395,0.43902439024390244,0.07228915662650603,0.380952380952381
0.29896907216494845,0.5876288659793815,0.979381443298969,0.29896907216494845,0.4830508474576271,0.9313725490196079,0.29896907216494845,0.530232558139535,0.9547738693467337
0.24528301886792453,0.6037735849056604,0.9245283018867925,0.24528301886792453,0.5333333333333333,0.8596491228070176,0.24528301886792453,0.5663716814159292,0.8909090909090909
0.9807692307692307,0.5961538461538461,0.9423076923076923,0.9807692307692307,0.44285714285714284,0.9245283018867925,0.9807692307692307,0.5081967213114755,0.9333333333333333
0.9402985074626866,0.373134328358209,0.9850746268656716,0.9402985074626866,0.3424657534246575,0.9565217391304348,0.9402985074626865,0.35714285714285715,0.9705882352941176
0.328125,0.4375,1.0,0.328125,0.39436619718309857,0.9411764705882353,0.328125,0.41481481481481486,0.9696969696969697
