Persona Precision,Entity Precision,Action Precision,Persona Recall,Entity Recall,Action Recall,Persona F-Measure,Entity F-Measure,Action F-Measure
0.9080459770114943,0.19662921348314608,0.08130081300813008,0.9294117647058824,0.40229885057471265,0.1111111111111111,0.9186046511627908,0.26415094339622647,0.09389671361502347
0.9080459770114943,0.19662921348314608,0.08130081300813008,0.9294117647058824,0.40229885057471265,0.1111111111111111,0.9186046511627908,0.26415094339622647,0.09389671361502347
