Persona Precision,Entity Precision,Action Precision,Persona Recall,Entity Recall,Action Recall,Persona F-Measure,Entity F-Measure,Action F-Measure
0.9387755102040817,0.34444444444444444,0.04411764705882353,0.9583333333333334,0.5636363636363636,0.057692307692307696,0.9484536082474228,0.4275862068965517,0.05000000000000001
0.9387755102040817,0.34444444444444444,0.04411764705882353,0.9583333333333334,0.5636363636363636,0.057692307692307696,0.9484536082474228,0.4275862068965517,0.05000000000000001
