Persona Precision,Entity Precision,Action Precision,Persona Recall,Entity Recall,Action Recall,Persona F-Measure,Entity F-Measure,Action F-Measure
0.8045977011494253,0.17415730337078653,0.11382113821138211,0.8235294117647058,0.3563218390804598,0.15555555555555556,0.813953488372093,0.23396226415094343,0.13145539906103285
