Persona Precision,Entity Precision,Action Precision,Persona Recall,Entity Recall,Action Recall,Persona F-Measure,Entity F-Measure,Action F-Measure
0.7701149425287356,0.1404494382022472,0.08130081300813008,0.788235294117647,0.28735632183908044,0.1111111111111111,0.7790697674418604,0.18867924528301888,0.09389671361502347
0.7701149425287356,0.1404494382022472,0.08130081300813008,0.788235294117647,0.28735632183908044,0.1111111111111111,0.7790697674418604,0.18867924528301888,0.09389671361502347
0.7701149425287356,0.1404494382022472,0.08130081300813008,0.788235294117647,0.28735632183908044,0.1111111111111111,0.7790697674418604,0.18867924528301888,0.09389671361502347
