Persona Precision,Entity Precision,Action Precision,Persona Recall,Entity Recall,Action Recall,Persona F-Measure,Entity F-Measure,Action F-Measure
1.0,0.774859287054409,0.8509316770186336,1.0,0.8098039215686275,0.8896103896103896,1.0,0.7919463087248322,0.86984126984127
1.0,0.8135593220338984,0.7101449275362319,1.0,0.8571428571428571,0.8032786885245902,1.0,0.8347826086956522,0.7538461538461538
1.0,0.7721518987341772,0.8823529411764706,1.0,0.7922077922077922,0.8181818181818182,1.0,0.7820512820512822,0.8490566037735848
1.0,0.75,0.8561151079136691,1.0,0.7391304347826086,0.8880597014925373,1.0,0.7445255474452556,0.8717948717948718
1.0,0.7830188679245284,0.8412698412698413,1.0,0.7545454545454545,0.828125,1.0,0.7685185185185186,0.8346456692913385
1.0,0.7310344827586207,0.7920792079207921,1.0,0.7361111111111112,0.7766990291262136,1.0,0.7335640138408304,0.7843137254901961
