Persona Precision,Entity Precision,Action Precision,Persona Recall,Entity Recall,Action Recall,Persona F-Measure,Entity F-Measure,Action F-Measure
1.0,0.8217636022514071,0.8757763975155279,1.0,0.8588235294117647,0.9155844155844156,1.0,0.8398849472674975,0.8952380952380953
1.0,0.847457627118644,0.7391304347826086,1.0,0.8928571428571429,0.8360655737704918,1.0,0.8695652173913044,0.7846153846153846
1.0,0.810126582278481,0.9215686274509803,1.0,0.8311688311688312,0.8545454545454545,1.0,0.8205128205128205,0.8867924528301887
1.0,0.7843137254901961,0.8992805755395683,1.0,0.7729468599033816,0.9328358208955224,1.0,0.778588807785888,0.9157509157509158
1.0,0.8490566037735849,0.8888888888888888,1.0,0.8181818181818182,0.875,1.0,0.8333333333333334,0.8818897637795274
1.0,0.8,0.8613861386138614,1.0,0.8055555555555556,0.8446601941747572,1.0,0.8027681660899654,0.8529411764705882
