Persona Precision,Entity Precision,Action Precision,Persona Recall,Entity Recall,Action Recall,Persona F-Measure,Entity F-Measure,Action F-Measure
0.9936507936507937,0.3066169617893756,0.314878892733564,0.9936507936507937,0.5623931623931624,0.8702185792349727,0.9936507936507937,0.3968636911942099,0.4624319419237749
