Persona Precision,Entity Precision,Action Precision,Persona Recall,Entity Recall,Action Recall,Persona F-Measure,Entity F-Measure,Action F-Measure
0.9936507936507937,0.22320596458527492,0.28769154720711815,0.9936507936507937,0.4094017094017094,0.7950819672131147,0.9936507936507937,0.28890229191797345,0.4225045372050817
