Persona Precision,Entity Precision,Action Precision,Persona Recall,Entity Recall,Action Recall,Persona F-Measure,Entity F-Measure,Action F-Measure
0.617693522906793,0.46445497630331756,0.9210110584518167,0.6167192429022083,0.12265331664580725,0.41732283464566927,0.617205998421468,0.19405940594059407,0.5743842364532019
0.4787234042553192,0.32978723404255317,0.9468085106382979,0.4787234042553192,0.07769423558897243,0.4218009478672986,0.47872340425531923,0.12576064908722107,0.5836065573770493
0.9922480620155039,0.5581395348837209,0.9302325581395349,0.9922480620155039,0.1994459833795014,0.4819277108433735,0.9922480620155039,0.2938775510204082,0.6349206349206349
0.5785714285714286,0.45357142857142857,0.9285714285714286,0.5785714285714286,0.12199807877041306,0.4,0.5785714285714286,0.1922785768357305,0.5591397849462365
0.20535714285714285,0.36607142857142855,0.8482142857142857,0.20535714285714285,0.09785202863961814,0.38,0.20535714285714285,0.1544256120527307,0.5248618784530387
0.43601895734597157,0.4265402843601896,0.8909952606635071,0.43601895734597157,0.11673151750972763,0.36153846153846153,0.43601895734597157,0.18329938900203666,0.5143638850889193
