Persona Precision,Entity Precision,Action Precision,Persona Recall,Entity Recall,Action Recall,Persona F-Measure,Entity F-Measure,Action F-Measure
0.6224328593996841,0.6303317535545023,0.9873617693522907,0.6214511041009464,0.16645807259073842,0.44738725841088045,0.6219415943172849,0.2633663366336633,0.6157635467980295
0.4787234042553192,0.46808510638297873,0.9893617021276596,0.4787234042553192,0.11027568922305764,0.44075829383886256,0.47872340425531923,0.17849898580121704,0.6098360655737706
0.9922480620155039,0.7209302325581395,0.9689922480620154,0.9922480620155039,0.25761772853185594,0.5020080321285141,0.9922480620155039,0.3795918367346939,0.6613756613756614
0.579136690647482,0.5683453237410072,0.9892086330935251,0.579136690647482,0.15310077519379844,0.4276827371695179,0.579136690647482,0.24122137404580152,0.5971769815418023
0.20535714285714285,0.4375,0.9375,0.20535714285714285,0.11694510739856802,0.42,0.20535714285714285,0.18455743879472694,0.580110497237569
0.43333333333333335,0.5904761904761905,0.9809523809523809,0.43333333333333335,0.16166883963494133,0.3984526112185687,0.43333333333333335,0.2538382804503582,0.5667125171939478
