Persona Precision,Entity Precision,Action Precision,Persona Recall,Entity Recall,Action Recall,Persona F-Measure,Entity F-Measure,Action F-Measure
0.617693522906793,0.45339652448657186,0.9210110584518167,0.6167192429022083,0.11973299958281185,0.41732283464566927,0.617205998421468,0.18943894389438945,0.5743842364532019
0.4787234042553192,0.2872340425531915,0.9468085106382979,0.4787234042553192,0.06766917293233082,0.4218009478672986,0.47872340425531923,0.10953346855983773,0.5836065573770493
0.9922480620155039,0.5581395348837209,0.9302325581395349,0.9922480620155039,0.1994459833795014,0.4819277108433735,0.9922480620155039,0.2938775510204082,0.6349206349206349
0.5785714285714286,0.44642857142857145,0.9285714285714286,0.5785714285714286,0.12007684918347743,0.4,0.5785714285714286,0.18925056775170324,0.5591397849462365
0.20535714285714285,0.3392857142857143,0.8482142857142857,0.20535714285714285,0.09069212410501193,0.38,0.20535714285714285,0.1431261770244821,0.5248618784530387
0.43601895734597157,0.4218009478672986,0.8909952606635071,0.43601895734597157,0.11543450064850844,0.36153846153846153,0.43601895734597157,0.18126272912423624,0.5143638850889193
