Persona Precision,Entity Precision,Action Precision,Persona Recall,Entity Recall,Action Recall,Persona F-Measure,Entity F-Measure,Action F-Measure
0.617693522906793,0.45339652448657186,0.9210110584518167,0.6167192429022083,0.11973299958281185,0.41732283464566927,0.617205998421468,0.18943894389438945,0.5743842364532019
0.4787234042553192,0.2872340425531915,0.9468085106382979,0.4787234042553192,0.06766917293233082,0.4218009478672986,0.47872340425531923,0.10953346855983773,0.5836065573770493
0.9922480620155039,0.5581395348837209,0.9302325581395349,0.9922480620155039,0.1994459833795014,0.4819277108433735,0.9922480620155039,0.2938775510204082,0.6349206349206349
0.5755395683453237,0.44964028776978415,0.9280575539568345,0.5755395683453237,0.12112403100775193,0.401244167962675,0.5755395683453237,0.19083969465648853,0.5602605863192183
0.20535714285714285,0.3392857142857143,0.8482142857142857,0.20535714285714285,0.09069212410501193,0.38,0.20535714285714285,0.1431261770244821,0.5248618784530387
0.43333333333333335,0.4238095238095238,0.8904761904761904,0.43333333333333335,0.11603650586701435,0.3617021276595745,0.43333333333333335,0.18219037871033775,0.5144429160935351
