Persona Precision,Entity Precision,Action Precision,Persona Recall,Entity Recall,Action Recall,Persona F-Measure,Entity F-Measure,Action F-Measure
0.11764705882352941,0.04411764705882353,0.10294117647058823,0.11764705882352941,0.013452914798206279,0.044585987261146494,0.11764705882352941,0.020618556701030927,0.06222222222222222
0.9215686274509803,0.5294117647058824,1.0,0.9215686274509803,0.1569767441860465,0.40476190476190477,0.9215686274509803,0.24215246636771304,0.576271186440678
0.03773584905660377,0.5471698113207547,0.9622641509433962,0.03773584905660377,0.125,0.4015748031496063,0.03773584905660377,0.20350877192982456,0.5666666666666667
0.43902439024390244,0.0975609756097561,0.3902439024390244,0.43902439024390244,0.02030456852791878,0.1553398058252427,0.43902439024390244,0.03361344537815126,0.22222222222222218
0.29896907216494845,0.6597938144329897,0.979381443298969,0.29896907216494845,0.17679558011049723,0.39748953974895396,0.29896907216494845,0.27886710239651413,0.5654761904761905
0.24528301886792453,0.6226415094339622,0.9245283018867925,0.24528301886792453,0.1952662721893491,0.4537037037037037,0.24528301886792453,0.2972972972972973,0.6086956521739131
0.9807692307692307,0.6730769230769231,0.9807692307692307,0.9807692307692307,0.16055045871559634,0.33116883116883117,0.9807692307692307,0.25925925925925924,0.4951456310679612
0.9402985074626866,0.417910447761194,1.0,0.9402985074626866,0.1206896551724138,0.3621621621621622,0.9402985074626865,0.18729096989966554,0.5317460317460317
0.328125,0.578125,1.0,0.328125,0.14566929133858267,0.48854961832061067,0.328125,0.23270440251572325,0.6564102564102564
