Persona Precision,Entity Precision,Action Precision,Persona Recall,Entity Recall,Action Recall,Persona F-Measure,Entity F-Measure,Action F-Measure
0.8757637474541752,0.6392680801626488,0.0847808105872622,0.8817498291182502,0.40774360874397925,0.06242387332521315,0.8787465940054497,0.49790747652980427,0.07190459487898983
