Persona Precision,Entity Precision,Action Precision,Persona Recall,Entity Recall,Action Recall,Persona F-Measure,Entity F-Measure,Action F-Measure
0.8755102040816326,0.639325189063409,0.08454206382096975,0.8815068493150685,0.40817084493964717,0.06230910201588271,0.8784982935153584,0.498243227927009,0.07174257077545279
