Persona Precision,Entity Precision,Action Precision,Persona Recall,Entity Recall,Action Recall,Persona F-Measure,Entity F-Measure,Action F-Measure
0.9197278911564626,0.5395578824898196,0.10153336096145876,0.9260273972602739,0.34447539461467036,0.07483200977397679,0.9228668941979522,0.4204918961804375,0.08616142078424475
