Persona Precision,Entity Precision,Action Precision,Persona Recall,Entity Recall,Action Recall,Persona F-Measure,Entity F-Measure,Action F-Measure
0.9198913781398507,0.5396456578565205,0.10173697270471464,0.9261790840738209,0.3442015561319007,0.07490864799025579,0.923024523160763,0.4203144440674132,0.0862855138547878
