Persona Precision,Entity Precision,Action Precision,Persona Recall,Entity Recall,Action Recall,Persona F-Measure,Entity F-Measure,Action F-Measure
0.85578231292517,0.4720767888307155,0.08329879817654372,0.8616438356164383,0.30139275766016715,0.06139279169211973,0.8587030716723548,0.3679020741244474,0.07068753296993142
