Persona Precision,Entity Precision,Action Precision,Persona Recall,Entity Recall,Action Recall,Persona F-Measure,Entity F-Measure,Action F-Measure
0.9496402877697842,0.8138801261829653,0.7827868852459017,1.0,0.5058823529411764,0.6201298701298701,0.974169741697417,0.6239419588875453,0.6920289855072463
1.0,0.8387096774193549,0.7446808510638298,1.0,0.4642857142857143,0.5737704918032787,1.0,0.5977011494252874,0.6481481481481481
1.0,0.9347826086956522,0.6842105263157895,1.0,0.5584415584415584,0.4727272727272727,1.0,0.6991869918699187,0.5591397849462365
0.9482758620689655,0.8015873015873016,0.8775510204081632,0.9821428571428571,0.48792270531400966,0.6417910447761194,0.9649122807017544,0.6066066066066067,0.7413793103448276
1.0,0.9130434782608695,0.7142857142857143,1.0,0.5727272727272728,0.625,1.0,0.7039106145251396,0.6666666666666666
1.0,0.7777777777777778,0.7532467532467533,1.0,0.4861111111111111,0.5631067961165048,1.0,0.5982905982905984,0.6444444444444444
