Persona Precision,Entity Precision,Action Precision,Persona Recall,Entity Recall,Action Recall,Persona F-Measure,Entity F-Measure,Action F-Measure
0.9496402877697842,0.889589905362776,0.7950819672131147,1.0,0.5529411764705883,0.6298701298701299,0.974169741697417,0.6819830713422007,0.7028985507246377
1.0,0.9032258064516129,0.723404255319149,1.0,0.5,0.5573770491803278,1.0,0.6436781609195402,0.6296296296296297
1.0,0.9782608695652174,0.7105263157894737,1.0,0.5844155844155844,0.4909090909090909,1.0,0.7317073170731707,0.5806451612903225
0.9482758620689655,0.8412698412698413,0.9387755102040817,0.9821428571428571,0.5120772946859904,0.6865671641791045,0.9649122807017544,0.6366366366366366,0.7931034482758622
1.0,0.8985507246376812,0.7142857142857143,1.0,0.5636363636363636,0.625,1.0,0.6927374301675977,0.6666666666666666
1.0,0.8888888888888888,0.8311688311688312,1.0,0.5555555555555556,0.6213592233009708,1.0,0.6837606837606838,0.7111111111111111
