Persona Precision,Entity Precision,Action Precision,Persona Recall,Entity Recall,Action Recall,Persona F-Measure,Entity F-Measure,Action F-Measure
0.9496402877697842,0.7981072555205048,0.7418032786885246,1.0,0.49607843137254903,0.5876623376623377,0.974169741697417,0.6118500604594922,0.6557971014492754
1.0,0.8387096774193549,0.7021276595744681,1.0,0.4642857142857143,0.5409836065573771,1.0,0.5977011494252874,0.611111111111111
1.0,0.9347826086956522,0.6578947368421053,1.0,0.5584415584415584,0.45454545454545453,1.0,0.6991869918699187,0.5376344086021505
0.9482758620689655,0.7936507936507936,0.8673469387755102,0.9821428571428571,0.4830917874396135,0.6343283582089553,0.9649122807017544,0.6006006006006006,0.7327586206896551
1.0,0.8985507246376812,0.6785714285714286,1.0,0.5636363636363636,0.59375,1.0,0.6927374301675977,0.6333333333333334
1.0,0.7777777777777778,0.7142857142857143,1.0,0.4861111111111111,0.5339805825242718,1.0,0.5982905982905984,0.6111111111111112
