Persona Precision,Entity Precision,Action Precision,Persona Recall,Entity Recall,Action Recall,Persona F-Measure,Entity F-Measure,Action F-Measure
1.0,0.09620786516853932,0.16042780748663102,1.0,0.5930735930735931,0.9459459459459459,1.0,0.16555891238670697,0.27433050293925537
1.0,0.07913669064748201,0.152,1.0,0.5116279069767442,0.9047619047619048,1.0,0.1370716510903427,0.2602739726027397
1.0,0.10752688172043011,0.19607843137254902,1.0,0.47619047619047616,0.975609756097561,1.0,0.17543859649122806,0.32653061224489793
1.0,0.07142857142857142,0.1643598615916955,1.0,0.4946236559139785,0.9693877551020408,1.0,0.1248303934871099,0.2810650887573964
0.9772727272727273,0.05245901639344262,0.1527777777777778,0.9772727272727273,0.32,0.9166666666666666,0.9772727272727273,0.09014084507042254,0.2619047619047619
0.9850746268656716,0.09722222222222222,0.13114754098360656,0.9850746268656716,0.6363636363636364,0.9411764705882353,0.9850746268656716,0.16867469879518074,0.23021582733812954
