Persona Precision,Entity Precision,Action Precision,Persona Recall,Entity Recall,Action Recall,Persona F-Measure,Entity F-Measure,Action F-Measure
1.0,0.060393258426966294,0.1497326203208556,1.0,0.3722943722943723,0.8828828828828829,1.0,0.10392749244712991,0.256041802743305
1.0,0.04316546762589928,0.148,1.0,0.27906976744186046,0.8809523809523809,1.0,0.07476635514018691,0.2534246575342466
1.0,0.053763440860215055,0.19117647058823528,1.0,0.23809523809523808,0.9512195121951219,1.0,0.08771929824561403,0.3183673469387755
1.0,0.05745341614906832,0.1522491349480969,1.0,0.3978494623655914,0.8979591836734694,1.0,0.10040705563093623,0.2603550295857988
0.9772727272727273,0.03934426229508197,0.1388888888888889,0.9772727272727273,0.24,0.8333333333333334,0.9772727272727273,0.06760563380281691,0.2380952380952381
0.9850746268656716,0.07539682539682539,0.12295081967213115,0.9850746268656716,0.4935064935064935,0.8823529411764706,0.9850746268656716,0.1308089500860585,0.2158273381294964
