Persona Precision,Entity Precision,Action Precision,Persona Recall,Entity Recall,Action Recall,Persona F-Measure,Entity F-Measure,Action F-Measure
1.0,0.24508426966292135,0.27883880825057294,1.0,0.43570536828963796,0.7883369330453563,1.0,0.3137078651685393,0.41196388261851014
1.0,0.24100719424460432,0.268,1.0,0.3872832369942196,0.7362637362637363,1.0,0.2971175166297117,0.3929618768328446
1.0,0.26881720430107525,0.38235294117647056,1.0,0.4032258064516129,0.9069767441860465,1.0,0.3225806451612903,0.5379310344827586
1.0,0.2406832298136646,0.29411764705882354,1.0,0.46827794561933533,0.8173076923076923,1.0,0.31794871794871793,0.43256997455470736
0.9772727272727273,0.1737704918032787,0.2708333333333333,0.9772727272727273,0.31736526946107785,0.8041237113402062,0.9772727272727273,0.2245762711864407,0.4051948051948052
0.9850746268656716,0.19047619047619047,0.24795081967213115,0.9850746268656716,0.41379310344827586,0.7423312883435583,0.9850746268656716,0.26086956521739135,0.37173579109062976
