Persona Precision,Entity Precision,Action Precision,Persona Recall,Entity Recall,Action Recall,Persona F-Measure,Entity F-Measure,Action F-Measure
1.0,0.24297752808988765,0.27883880825057294,1.0,0.43196004993757803,0.7883369330453563,1.0,0.3110112359550562,0.41196388261851014
1.0,0.2302158273381295,0.268,1.0,0.3699421965317919,0.7362637362637363,1.0,0.28381374722838143,0.3929618768328446
1.0,0.26344086021505375,0.38235294117647056,1.0,0.3951612903225806,0.9069767441860465,1.0,0.3161290322580645,0.5379310344827586
1.0,0.2406832298136646,0.29411764705882354,1.0,0.46827794561933533,0.8173076923076923,1.0,0.31794871794871793,0.43256997455470736
0.9772727272727273,0.17049180327868851,0.2708333333333333,0.9772727272727273,0.31137724550898205,0.8041237113402062,0.9772727272727273,0.22033898305084745,0.4051948051948052
0.9850746268656716,0.19047619047619047,0.24795081967213115,0.9850746268656716,0.41379310344827586,0.7423312883435583,0.9850746268656716,0.26086956521739135,0.37173579109062976
