Persona Precision,Entity Precision,Action Precision,Persona Recall,Entity Recall,Action Recall,Persona F-Measure,Entity F-Measure,Action F-Measure
0.8252427184466019,0.6029684601113172,0.07506702412868632,0.8374384236453202,0.40574282147315854,0.06047516198704104,0.8312958435207823,0.48507462686567165,0.06698564593301436
0.8974358974358975,0.6330275229357798,0.08928571428571429,0.8974358974358975,0.3988439306358382,0.054945054945054944,0.8974358974358975,0.48936170212765956,0.06802721088435375
1.0,0.7909090909090909,0.0759493670886076,1.0,0.7016129032258065,0.06976744186046512,1.0,0.7435897435897435,0.07272727272727272
0.9540229885057471,0.6384180790960452,0.072,0.9540229885057471,0.3413897280966767,0.04326923076923077,0.9540229885057472,0.4448818897637795,0.05405405405405405
0.6818181818181818,0.625,0.08,0.6818181818181818,0.3592814371257485,0.061855670103092786,0.6818181818181818,0.45627376425855515,0.06976744186046512
0.9850746268656716,0.6277372262773723,0.08421052631578947,0.9850746268656716,0.3706896551724138,0.049079754601226995,0.9850746268656716,0.4661246612466125,0.06201550387596899
