Persona Precision,Entity Precision,Action Precision,Persona Recall,Entity Recall,Action Recall,Persona F-Measure,Entity F-Measure,Action F-Measure
0.5682539682539682,0.5396825396825397,0.9714285714285714,0.5682539682539682,0.4927536231884058,0.9026548672566371,0.5682539682539682,0.515151515151515,0.9357798165137614
