Persona Precision,Entity Precision,Action Precision,Persona Recall,Entity Recall,Action Recall,Persona F-Measure,Entity F-Measure,Action F-Measure
0.8009708737864077,0.424860853432282,0.07506702412868632,0.812807881773399,0.2858926342072409,0.06047516198704104,0.8068459657701711,0.34179104477611943,0.06698564593301436
0.8974358974358975,0.5596330275229358,0.08928571428571429,0.8974358974358975,0.35260115606936415,0.054945054945054944,0.8974358974358975,0.43262411347517726,0.06802721088435375
1.0,0.6363636363636364,0.0759493670886076,1.0,0.5645161290322581,0.06976744186046512,1.0,0.5982905982905983,0.07272727272727272
0.9540229885057471,0.4519774011299435,0.064,0.9540229885057471,0.24169184290030213,0.038461538461538464,0.9540229885057472,0.31496062992125984,0.04804804804804805
0.5681818181818182,0.4583333333333333,0.08,0.5681818181818182,0.2634730538922156,0.061855670103092786,0.5681818181818182,0.33460076045627374,0.06976744186046512
0.9850746268656716,0.44525547445255476,0.08421052631578947,0.9850746268656716,0.2629310344827586,0.049079754601226995,0.9850746268656716,0.3306233062330623,0.06201550387596899
