Persona Precision,Entity Precision,Action Precision,Persona Recall,Entity Recall,Action Recall,Persona F-Measure,Entity F-Measure,Action F-Measure
0.960185799601858,0.37284741690028034,0.566962202519832,0.9910958904109589,0.5680292861500915,0.7763578274760383,0.9753960229187733,0.45019342359767894,0.6553398058252428
