Persona Precision,Entity Precision,Action Precision,Persona Recall,Entity Recall,Action Recall,Persona F-Measure,Entity F-Measure,Action F-Measure
0.960185799601858,0.39767721265518624,0.5921605226318245,0.9910958904109589,0.6058572300183038,0.8108626198083068,0.9753960229187733,0.4801740812379111,0.6844660194174756
