Persona Precision,Entity Precision,Action Precision,Persona Recall,Entity Recall,Action Recall,Persona F-Measure,Entity F-Measure,Action F-Measure
0.960185799601858,0.3696435722867441,0.5655622958469435,0.9910958904109589,0.5631482611348383,0.7744408945686901,0.9753960229187733,0.4463249516441006,0.6537216828478964
