Persona Precision,Entity Precision,Action Precision,Persona Recall,Entity Recall,Action Recall,Persona F-Measure,Entity F-Measure,Action F-Measure
0.9113924050632911,0.2074966532797858,0.09038461538461538,0.9142857142857143,0.4492753623188406,0.13864306784660768,0.9128367670364501,0.2838827838827839,0.10942956926658906
