Persona Precision,Entity Precision,Action Precision,Persona Recall,Entity Recall,Action Recall,Persona F-Measure,Entity F-Measure,Action F-Measure
1.0,0.7433333333333333,0.9048991354466859,1.0,0.6463768115942029,0.9262536873156342,1.0,0.6914728682170542,0.9154518950437318
