Persona Precision,Entity Precision,Action Precision,Persona Recall,Entity Recall,Action Recall,Persona F-Measure,Entity F-Measure,Action F-Measure
1.0,0.7366666666666667,0.9020172910662824,1.0,0.6405797101449275,0.9233038348082596,1.0,0.6852713178294574,0.9125364431486879
