Persona Precision,Entity Precision,Action Precision,Persona Recall,Entity Recall,Action Recall,Persona F-Measure,Entity F-Measure,Action F-Measure
0.9936507936507937,0.2255358807082945,0.28769154720711815,0.9936507936507937,0.41367521367521365,0.7950819672131147,0.9936507936507937,0.29191797346200243,0.4225045372050817
