Persona Precision,Entity Precision,Action Precision,Persona Recall,Entity Recall,Action Recall,Persona F-Measure,Entity F-Measure,Action F-Measure
0.8796992481203008,0.1701492537313433,0.10416666666666667,0.8863636363636364,0.3958333333333333,0.1736111111111111,0.8830188679245284,0.23799582463465552,0.13020833333333334
0.92,0.19117647058823528,0.11764705882352941,0.92,0.48148148148148145,0.14814814814814814,0.92,0.2736842105263158,0.13114754098360654
1.0,0.2898550724637681,0.0625,1.0,0.7407407407407407,0.1111111111111111,1.0,0.4166666666666667,0.08
1.0,0.20869565217391303,0.05952380952380952,1.0,0.4,0.07936507936507936,1.0,0.2742857142857143,0.06802721088435373
0.7586206896551724,0.16666666666666666,0.1111111111111111,0.7586206896551724,0.3235294117647059,0.16129032258064516,0.7586206896551724,0.22,0.13157894736842105
1.0,0.34523809523809523,0.08064516129032258,1.0,0.6041666666666666,0.11363636363636363,1.0,0.4393939393939394,0.09433962264150943
