Persona Precision,Entity Precision,Action Precision,Persona Recall,Entity Recall,Action Recall,Persona F-Measure,Entity F-Measure,Action F-Measure
0.8045112781954887,0.13134328358208955,0.09166666666666666,0.8106060606060606,0.3055555555555556,0.1527777777777778,0.8075471698113208,0.18371607515657618,0.11458333333333331
0.92,0.16176470588235295,0.11764705882352941,0.92,0.4074074074074074,0.14814814814814814,0.92,0.23157894736842105,0.13114754098360654
1.0,0.2898550724637681,0.0625,1.0,0.7407407407407407,0.1111111111111111,1.0,0.4166666666666667,0.08
0.9285714285714286,0.2,0.05952380952380952,0.9285714285714286,0.38333333333333336,0.07936507936507936,0.9285714285714286,0.26285714285714284,0.06802721088435373
0.5862068965517241,0.16666666666666666,0.08888888888888889,0.5862068965517241,0.3235294117647059,0.12903225806451613,0.5862068965517241,0.22,0.10526315789473684
1.0,0.25,0.06451612903225806,1.0,0.4375,0.09090909090909091,1.0,0.3181818181818182,0.07547169811320754
