Persona Precision,Entity Precision,Action Precision,Persona Recall,Entity Recall,Action Recall,Persona F-Measure,Entity F-Measure,Action F-Measure
1.0,0.8486590038314177,0.8964401294498382,1.0,0.8686274509803922,0.8993506493506493,1.0,0.8585271317829458,0.8978930307941654
1.0,0.8898305084745762,0.734375,1.0,0.9375,0.7704918032786885,1.0,0.9130434782608696,0.7519999999999999
1.0,0.8481012658227848,0.9166666666666666,1.0,0.8701298701298701,0.8,1.0,0.8589743589743589,0.854368932038835
1.0,0.8221153846153846,0.8796992481203008,1.0,0.8260869565217391,0.8731343283582089,1.0,0.8240963855421687,0.8764044943820225
1.0,0.8648648648648649,0.84375,1.0,0.8727272727272727,0.84375,1.0,0.8687782805429864,0.84375
1.0,0.8333333333333334,0.7452830188679245,1.0,0.8680555555555556,0.7669902912621359,1.0,0.8503401360544218,0.7559808612440191
