Persona Precision,Entity Precision,Action Precision,Persona Recall,Entity Recall,Action Recall,Persona F-Measure,Entity F-Measure,Action F-Measure
1.0,0.7640449438202247,0.8498402555910544,1.0,0.8,0.8636363636363636,1.0,0.7816091954022989,0.856682769726248
1.0,0.8166666666666667,0.7083333333333334,1.0,0.875,0.8360655737704918,1.0,0.8448275862068966,0.7669172932330828
1.0,0.782051282051282,0.8846153846153846,1.0,0.7922077922077922,0.8363636363636363,1.0,0.7870967741935484,0.8598130841121494
1.0,0.7864077669902912,0.8602941176470589,1.0,0.782608695652174,0.8731343283582089,1.0,0.784503631961259,0.8666666666666667
1.0,0.7884615384615384,0.8709677419354839,1.0,0.7454545454545455,0.84375,1.0,0.766355140186916,0.8571428571428571
1.0,0.7346938775510204,0.7843137254901961,1.0,0.75,0.7766990291262136,1.0,0.7422680412371135,0.7804878048780487
