Persona Precision,Entity Precision,Action Precision,Persona Recall,Entity Recall,Action Recall,Persona F-Measure,Entity F-Measure,Action F-Measure
1.0,0.8387096774193549,0.8924050632911392,1.0,0.8666666666666667,0.9155844155844156,1.0,0.8524590163934426,0.9038461538461539
1.0,0.9067796610169492,0.734375,1.0,0.9553571428571429,0.7704918032786885,1.0,0.9304347826086956,0.7519999999999999
1.0,0.8625,0.92,1.0,0.8961038961038961,0.8363636363636363,1.0,0.8789808917197451,0.8761904761904761
1.0,0.8076923076923077,0.8805970149253731,1.0,0.8115942028985508,0.8805970149253731,1.0,0.8096385542168675,0.8805970149253731
1.0,0.8648648648648649,0.84375,1.0,0.8727272727272727,0.84375,1.0,0.8687782805429864,0.84375
1.0,0.8187919463087249,0.7281553398058253,1.0,0.8472222222222222,0.7281553398058253,1.0,0.8327645051194539,0.7281553398058251
