Persona Precision,Entity Precision,Action Precision,Persona Recall,Entity Recall,Action Recall,Persona F-Measure,Entity F-Measure,Action F-Measure
1.0,0.8793103448275862,0.9223300970873787,1.0,0.9,0.9253246753246753,1.0,0.8895348837209301,0.9238249594813613
1.0,0.8983050847457628,0.765625,1.0,0.9464285714285714,0.8032786885245902,1.0,0.9217391304347826,0.784
1.0,0.8607594936708861,0.9791666666666666,1.0,0.8831168831168831,0.8545454545454545,1.0,0.8717948717948718,0.912621359223301
1.0,0.8557692307692307,0.9172932330827067,1.0,0.8599033816425121,0.9104477611940298,1.0,0.8578313253012049,0.9138576779026217
1.0,0.9009009009009009,0.890625,1.0,0.9090909090909091,0.890625,1.0,0.9049773755656109,0.890625
1.0,0.8666666666666667,0.8113207547169812,1.0,0.9027777777777778,0.8349514563106796,1.0,0.8843537414965987,0.8229665071770335
