Persona Precision,Entity Precision,Action Precision,Persona Recall,Entity Recall,Action Recall,Persona F-Measure,Entity F-Measure,Action F-Measure
0.9901960784313726,0.7685749086479903,0.825,0.9950738916256158,0.787765293383271,0.8552915766738661,0.9926289926289927,0.7780517879161529,0.8398727465535525
0.9743589743589743,0.8142076502732241,0.7,0.9743589743589743,0.861271676300578,0.7692307692307693,0.9743589743589743,0.8370786516853933,0.7329842931937172
1.0,0.8188976377952756,0.9,1.0,0.8387096774193549,0.8372093023255814,1.0,0.8286852589641434,0.8674698795180723
1.0,0.7400611620795107,0.822429906542056,1.0,0.7311178247734139,0.8461538461538461,1.0,0.7355623100303952,0.8341232227488151
1.0,0.7239263803680982,0.8260869565217391,1.0,0.7065868263473054,0.7835051546391752,1.0,0.7151515151515152,0.8042328042328043
1.0,0.7276785714285714,0.7668711656441718,1.0,0.7025862068965517,0.7668711656441718,1.0,0.7149122807017544,0.7668711656441717
