Persona Precision,Entity Precision,Action Precision,Persona Recall,Entity Recall,Action Recall,Persona F-Measure,Entity F-Measure,Action F-Measure
1.0,0.8467432950191571,0.8964401294498382,1.0,0.8666666666666667,0.8993506493506493,1.0,0.8565891472868218,0.8978930307941654
1.0,0.8728813559322034,0.734375,1.0,0.9196428571428571,0.7704918032786885,1.0,0.8956521739130435,0.7519999999999999
1.0,0.8481012658227848,0.9166666666666666,1.0,0.8701298701298701,0.8,1.0,0.8589743589743589,0.854368932038835
1.0,0.8173076923076923,0.8796992481203008,1.0,0.821256038647343,0.8731343283582089,1.0,0.819277108433735,0.8764044943820225
1.0,0.8558558558558559,0.84375,1.0,0.8636363636363636,0.84375,1.0,0.8597285067873303,0.84375
1.0,0.8333333333333334,0.7452830188679245,1.0,0.8680555555555556,0.7669902912621359,1.0,0.8503401360544218,0.7559808612440191
