Persona Precision,Entity Precision,Action Precision,Persona Recall,Entity Recall,Action Recall,Persona F-Measure,Entity F-Measure,Action F-Measure
0.9936507936507937,0.05778191985088537,0.15027187345526447,0.9936507936507937,0.35942028985507246,0.8967551622418879,0.9936507936507937,0.09955841027699719,0.25740897544453856
