Persona Precision,Entity Precision,Action Precision,Persona Recall,Entity Recall,Action Recall,Persona F-Measure,Entity F-Measure,Action F-Measure
1.0,0.8,0.9591836734693877,1.0,0.75,0.9791666666666666,1.0,0.7741935483870969,0.9690721649484536
1.0,0.8181818181818182,0.96,1.0,0.6666666666666666,0.8888888888888888,1.0,0.7346938775510203,0.923076923076923
1.0,0.8260869565217391,0.9285714285714286,1.0,0.7037037037037037,0.9629629629629629,1.0,0.76,0.9454545454545454
1.0,0.8148148148148148,0.984375,1.0,0.7333333333333333,1.0,1.0,0.7719298245614035,0.9921259842519685
1.0,0.5555555555555556,0.84375,1.0,0.4411764705882353,0.8709677419354839,1.0,0.49180327868852464,0.8571428571428571
1.0,0.8043478260869565,0.9545454545454546,1.0,0.7708333333333334,0.9545454545454546,1.0,0.7872340425531915,0.9545454545454546
