Persona Precision,Entity Precision,Action Precision,Persona Recall,Entity Recall,Action Recall,Persona F-Measure,Entity F-Measure,Action F-Measure
0.9904153354632588,0.8651685393258427,0.875945537065053,0.9935897435897436,0.7301724137931035,0.7986206896551724,0.992,0.7919588592800374,0.8354978354978356
