Persona Precision,Entity Precision,Action Precision,Persona Recall,Entity Recall,Action Recall,Persona F-Measure,Entity F-Measure,Action F-Measure
0.9904153354632588,0.8202247191011236,0.8078668683812406,0.9935897435897436,0.6922413793103448,0.736551724137931,0.992,0.750818139317438,0.7705627705627706
