Persona Precision,Entity Precision,Action Precision,Persona Recall,Entity Recall,Action Recall,Persona F-Measure,Entity F-Measure,Action F-Measure
1.0,0.7828618968386023,0.8147174770039421,1.0,0.8042735042735043,0.8469945355191257,1.0,0.7934232715008431,0.8305425318151373
