Persona Precision,Entity Precision,Action Precision,Persona Recall,Entity Recall,Action Recall,Persona F-Measure,Entity F-Measure,Action F-Measure
1.0,0.7745424292845258,0.8134034165571616,1.0,0.7957264957264957,0.8456284153005464,1.0,0.784991568296796,0.8292029470864032
