Persona Precision,Entity Precision,Action Precision,Persona Recall,Entity Recall,Action Recall,Persona F-Measure,Entity F-Measure,Action F-Measure
0.9336639801611903,0.2595588235294118,0.43600517129928895,0.9888378200919238,0.6185747663551402,0.8270999386879215,0.9604591836734694,0.3656767955801105,0.5710052910052911
