Persona Precision,Entity Precision,Action Precision,Persona Recall,Entity Recall,Action Recall,Persona F-Measure,Entity F-Measure,Action F-Measure
0.9336639801611903,0.27818627450980393,0.4599224305106658,0.9888378200919238,0.6629672897196262,0.8724708767627223,0.9604591836734694,0.39191988950276246,0.6023280423280423
