Persona Precision,Entity Precision,Action Precision,Persona Recall,Entity Recall,Action Recall,Persona F-Measure,Entity F-Measure,Action F-Measure
0.9336639801611903,0.2571078431372549,0.43535875888817066,0.9888378200919238,0.6127336448598131,0.8258736971183324,0.9604591836734694,0.36222375690607733,0.5701587301587302
