Persona Precision,Entity Precision,Action Precision,Persona Recall,Entity Recall,Action Recall,Persona F-Measure,Entity F-Measure,Action F-Measure
0.9336639801611903,0.7938725490196078,0.7769877181641888,0.9888378200919238,0.5802579720530275,0.7064354980899207,0.9604591836734694,0.6704616021527634,0.7400338617823611
