Persona Precision,Entity Precision,Action Precision,Persona Recall,Entity Recall,Action Recall,Persona F-Measure,Entity F-Measure,Action F-Measure
0.9336639801611903,0.7850490196078431,0.7572721396250808,0.9888378200919238,0.5738086707273379,0.6885101381134293,0.9604591836734694,0.6630097288346098,0.7212559642912114
