Persona Precision,Entity Precision,Action Precision,Persona Recall,Entity Recall,Action Recall,Persona F-Measure,Entity F-Measure,Action F-Measure
1.0,0.33187294633077763,0.31242603550295855,1.0,0.5941176470588235,0.8571428571428571,1.0,0.4258608573436402,0.45793581960104074
1.0,0.3021978021978022,0.28484848484848485,1.0,0.49107142857142855,0.7704918032786885,1.0,0.37414965986394555,0.415929203539823
1.0,0.35344827586206895,0.4126984126984127,1.0,0.5324675324675324,0.9454545454545454,1.0,0.4248704663212435,0.574585635359116
1.0,0.30632911392405066,0.33064516129032256,1.0,0.5845410628019324,0.917910447761194,1.0,0.4019933554817276,0.4861660079051383
0.9655172413793104,0.25,0.2931937172774869,0.9655172413793104,0.45454545454545453,0.875,0.9655172413793104,0.3225806451612903,0.43921568627450985
0.9767441860465116,0.2577639751552795,0.2931596091205212,0.9767441860465116,0.5763888888888888,0.8737864077669902,0.9767441860465116,0.3562231759656652,0.4390243902439025
