Persona Precision,Entity Precision,Action Precision,Persona Recall,Entity Recall,Action Recall,Persona F-Measure,Entity F-Measure,Action F-Measure
0.9958677685950413,0.23042572194105387,0.2820676451818762,0.9958677685950413,0.4211099020674646,0.7928251121076233,0.9958677685950413,0.29786415239561287,0.4160979053895034
