Persona Precision,Entity Precision,Action Precision,Persona Recall,Entity Recall,Action Recall,Persona F-Measure,Entity F-Measure,Action F-Measure
0.9958677685950413,0.31050908008335815,0.30950861518825784,0.9958677685950413,0.5674646354733406,0.8699551569506726,0.9958677685950413,0.4013854146623052,0.4565780183572605
