Persona Precision,Entity Precision,Action Precision,Persona Recall,Entity Recall,Action Recall,Persona F-Measure,Entity F-Measure,Action F-Measure
0.9958677685950413,0.22804406073236083,0.2820676451818762,0.9958677685950413,0.4167573449401523,0.7928251121076233,0.9958677685950413,0.2947854531460458,0.4160979053895034
