Persona Precision,Entity Precision,Action Precision,Persona Recall,Entity Recall,Action Recall,Persona F-Measure,Entity F-Measure,Action F-Measure
0.9026730637422893,0.44962302947224125,0.914324880054832,0.9020547945205479,0.12181987000928506,0.4074526572999389,0.9023638232271326,0.19170075978959675,0.563701669131629
