Persona Precision,Entity Precision,Action Precision,Persona Recall,Entity Recall,Action Recall,Persona F-Measure,Entity F-Measure,Action F-Measure
0.5750514050719671,0.44962302947224125,0.914324880054832,0.5746575342465754,0.12181987000928506,0.4074526572999389,0.5748544021925317,0.19170075978959675,0.563701669131629
