Persona Precision,Entity Precision,Action Precision,Persona Recall,Entity Recall,Action Recall,Persona F-Measure,Entity F-Measure,Action F-Measure
0.5759233926128591,0.4487004103967168,0.914500683994528,0.5755297334244702,0.12152649129307151,0.40712545676004874,0.5757264957264957,0.19125364431486883,0.5634218289085546
