Persona Precision,Entity Precision,Action Precision,Persona Recall,Entity Recall,Action Recall,Persona F-Measure,Entity F-Measure,Action F-Measure
0.8965044551062371,0.594928032899246,0.9808087731322824,0.8958904109589041,0.16118848653667595,0.437080024434942,0.8961973278520041,0.2536528345996493,0.6046904711599409
