Persona Precision,Entity Precision,Action Precision,Persona Recall,Entity Recall,Action Recall,Persona F-Measure,Entity F-Measure,Action F-Measure
0.5777930089102125,0.594928032899246,0.9808087731322824,0.5773972602739726,0.16118848653667595,0.437080024434942,0.5775950668036999,0.2536528345996493,0.6046904711599409
