Persona Precision,Entity Precision,Action Precision,Persona Recall,Entity Recall,Action Recall,Persona F-Measure,Entity F-Measure,Action F-Measure
0.5750514050719671,0.43797121315969845,0.914324880054832,0.5746575342465754,0.11866295264623955,0.4074526572999389,0.5748544021925317,0.18673290473407367,0.563701669131629
