Persona Precision,Entity Precision,Action Precision,Persona Recall,Entity Recall,Action Recall,Persona F-Measure,Entity F-Measure,Action F-Measure
0.8917066483893078,0.43797121315969845,0.914324880054832,0.8910958904109589,0.11866295264623955,0.4074526572999389,0.8914011647824598,0.18673290473407367,0.563701669131629
