Persona Precision,Entity Precision,Action Precision,Persona Recall,Entity Recall,Action Recall,Persona F-Measure,Entity F-Measure,Action F-Measure
0.5759233926128591,0.4370725034199726,0.914500683994528,0.5755297334244702,0.118377176732123,0.40712545676004874,0.5757264957264957,0.18629737609329447,0.5634218289085546
