Persona Precision,Entity Precision,Action Precision,Persona Recall,Entity Recall,Action Recall,Persona F-Measure,Entity F-Measure,Action F-Measure
1.0,0.7121212121212122,0.912751677852349,1.0,0.6527777777777778,0.9444444444444444,1.0,0.6811594202898551,0.9283276450511946
1.0,0.8947368421052632,0.96,1.0,0.6296296296296297,0.8888888888888888,1.0,0.7391304347826088,0.923076923076923
1.0,0.8260869565217391,0.8928571428571429,1.0,0.7037037037037037,0.9259259259259259,1.0,0.76,0.9090909090909091
1.0,0.7358490566037735,0.9523809523809523,1.0,0.65,0.9523809523809523,1.0,0.6902654867256638,0.9523809523809523
1.0,0.5,0.7741935483870968,1.0,0.4117647058823529,0.7741935483870968,1.0,0.45161290322580644,0.7741935483870968
1.0,0.7272727272727273,0.9545454545454546,1.0,0.6666666666666666,0.9545454545454546,1.0,0.6956521739130435,0.9545454545454546
