Persona Precision,Entity Precision,Action Precision,Persona Recall,Entity Recall,Action Recall,Persona F-Measure,Entity F-Measure,Action F-Measure
1.0,0.8181818181818182,0.9463087248322147,1.0,0.75,0.9791666666666666,1.0,0.7826086956521738,0.962457337883959
1.0,0.8947368421052632,0.96,1.0,0.6296296296296297,0.8888888888888888,1.0,0.7391304347826088,0.923076923076923
1.0,0.8260869565217391,0.9285714285714286,1.0,0.7037037037037037,0.9629629629629629,1.0,0.76,0.9454545454545454
1.0,0.7924528301886793,0.9841269841269841,1.0,0.7,0.9841269841269841,1.0,0.743362831858407,0.9841269841269841
1.0,0.5714285714285714,0.8387096774193549,1.0,0.47058823529411764,0.8387096774193549,1.0,0.5161290322580646,0.8387096774193549
1.0,0.7727272727272727,0.9772727272727273,1.0,0.7083333333333334,0.9772727272727273,1.0,0.7391304347826088,0.9772727272727273
