Persona Precision,Entity Precision,Action Precision,Persona Recall,Entity Recall,Action Recall,Persona F-Measure,Entity F-Measure,Action F-Measure
0.9611712285168682,0.29502828222685323,0.46678700361010833,0.9914642153644123,0.5788551401869159,0.7927651747394237,0.976082740788623,0.3908499309800828,0.5875937286980232
