Persona Precision,Entity Precision,Action Precision,Persona Recall,Entity Recall,Action Recall,Persona F-Measure,Entity F-Measure,Action F-Measure
0.9611712285168682,0.3149746948496576,0.48772563176895306,0.9914642153644123,0.6179906542056075,0.8283261802575107,0.976082740788623,0.41727469927036087,0.613951374687571
