Persona Precision,Entity Precision,Action Precision,Persona Recall,Entity Recall,Action Recall,Persona F-Measure,Entity F-Measure,Action F-Measure
0.9611712285168682,0.29175349806490025,0.4657039711191336,0.9914642153644123,0.572429906542056,0.7909258123850399,0.976082740788623,0.3865115361861565,0.5862304021813224
