Persona Precision,Entity Precision,Action Precision,Persona Recall,Entity Recall,Action Recall,Persona F-Measure,Entity F-Measure,Action F-Measure
1.0,0.05805038335158817,0.15384615384615385,1.0,0.3680555555555556,0.9027777777777778,1.0,0.10028382213812678,0.262891809908999
1.0,0.04395604395604396,0.1393939393939394,1.0,0.2962962962962963,0.8518518518518519,1.0,0.07655502392344499,0.23958333333333334
1.0,0.05172413793103448,0.1984126984126984,1.0,0.2222222222222222,0.9259259259259259,1.0,0.08391608391608392,0.326797385620915
1.0,0.060759493670886074,0.1586021505376344,1.0,0.4,0.9365079365079365,1.0,0.1054945054945055,0.2712643678160919
0.9655172413793104,0.05,0.13612565445026178,0.9655172413793104,0.29411764705882354,0.8387096774193549,0.9655172413793104,0.08547008547008549,0.23423423423423426
0.9767441860465116,0.06521739130434782,0.1270358306188925,0.9767441860465116,0.4375,0.8863636363636364,0.9767441860465116,0.11351351351351352,0.22222222222222224
