Persona Precision,Entity Precision,Action Precision,Persona Recall,Entity Recall,Action Recall,Persona F-Measure,Entity F-Measure,Action F-Measure
1.0,0.09419496166484119,0.16449704142011834,1.0,0.5972222222222222,0.9652777777777778,1.0,0.16272469252601704,0.2810920121334682
1.0,0.08241758241758242,0.14545454545454545,1.0,0.5555555555555556,0.8888888888888888,1.0,0.14354066985645933,0.25
1.0,0.09482758620689655,0.20634920634920634,1.0,0.4074074074074074,0.9629629629629629,1.0,0.15384615384615385,0.3398692810457516
1.0,0.07341772151898734,0.16666666666666666,1.0,0.48333333333333334,0.9841269841269841,1.0,0.1274725274725275,0.2850574712643678
0.9655172413793104,0.055,0.14659685863874344,0.9655172413793104,0.3235294117647059,0.9032258064516129,0.9655172413793104,0.09401709401709402,0.25225225225225223
0.9767441860465116,0.09006211180124224,0.13355048859934854,0.9767441860465116,0.6041666666666666,0.9318181818181818,0.9767441860465116,0.15675675675675677,0.23361823361823364
