Persona Precision,Entity Precision,Action Precision,Persona Recall,Entity Recall,Action Recall,Persona F-Measure,Entity F-Measure,Action F-Measure
0.870253164556962,0.24230254350736277,0.08076923076923077,0.873015873015873,0.5246376811594203,0.12389380530973451,0.8716323296354992,0.3315018315018315,0.09778812572759023
