Persona Precision,Entity Precision,Action Precision,Persona Recall,Entity Recall,Action Recall,Persona F-Measure,Entity F-Measure,Action F-Measure
0.8512658227848101,0.1753681392235609,0.08076923076923077,0.8539682539682539,0.37971014492753624,0.12389380530973451,0.8526148969889065,0.23992673992673988,0.09778812572759023
