Persona Precision,Entity Precision,Action Precision,Persona Recall,Entity Recall,Action Recall,Persona F-Measure,Entity F-Measure,Action F-Measure
0.9931459904043866,0.2313379925048111,0.2828805519620526,0.9924657534246575,0.4241411327762303,0.8014660965180208,0.9928057553956834,0.2993839297417748,0.4181673306772908
