Persona Precision,Entity Precision,Action Precision,Persona Recall,Entity Recall,Action Recall,Persona F-Measure,Entity F-Measure,Action F-Measure
0.9924605894448252,0.3082143218879773,0.3102630444156964,0.9917808219178083,0.5650882079851439,0.8790470372632865,0.9921205892428914,0.39887272250622624,0.4586454183266932
