Persona Precision,Entity Precision,Action Precision,Persona Recall,Entity Recall,Action Recall,Persona F-Measure,Entity F-Measure,Action F-Measure
0.9924760601915185,0.30801858210462535,0.3103300010749221,0.9917976760082023,0.5650240829937013,0.8791108404384896,0.9921367521367521,0.3986928104575163,0.4587272582823549
