Persona Precision,Entity Precision,Action Precision,Persona Recall,Entity Recall,Action Recall,Persona F-Measure,Entity F-Measure,Action F-Measure
0.9924605894448252,0.22880583409298086,0.2824493316084519,0.9917808219178083,0.41949860724233984,0.8002443494196702,0.9921205892428914,0.29610696028313016,0.4175298804780877
