Persona Precision,Entity Precision,Action Precision,Persona Recall,Entity Recall,Action Recall,Persona F-Measure,Entity F-Measure,Action F-Measure
0.9950738916256158,0.7926267281105991,0.9383259911894273,0.9950738916256158,0.7445887445887446,0.9594594594594594,0.9950738916256159,0.7678571428571429,0.9487750556792872
1.0,0.8709677419354839,0.9230769230769231,1.0,0.627906976744186,0.8571428571428571,1.0,0.7297297297297297,0.888888888888889
1.0,1.0,0.975609756097561,1.0,0.8809523809523809,0.975609756097561,1.0,0.9367088607594937,0.975609756097561
1.0,0.8275862068965517,0.9387755102040817,1.0,0.7741935483870968,0.9387755102040817,1.0,0.7999999999999999,0.9387755102040817
1.0,0.575,0.8863636363636364,1.0,0.46,0.8125,1.0,0.5111111111111112,0.8478260869565218
1.0,0.8253968253968254,0.9428571428571428,1.0,0.6753246753246753,0.9705882352941176,1.0,0.7428571428571428,0.9565217391304348
