Persona Precision,Entity Precision,Action Precision,Persona Recall,Entity Recall,Action Recall,Persona F-Measure,Entity F-Measure,Action F-Measure
0.9950738916256158,0.7695852534562212,0.9030837004405287,0.9950738916256158,0.7229437229437229,0.9234234234234234,0.9950738916256159,0.7455357142857143,0.9131403118040089
1.0,0.8387096774193549,0.9230769230769231,1.0,0.6046511627906976,0.8571428571428571,1.0,0.7027027027027026,0.888888888888889
1.0,1.0,0.9512195121951219,1.0,0.8809523809523809,0.9512195121951219,1.0,0.9367088607594937,0.9512195121951219
1.0,0.7816091954022989,0.8979591836734694,1.0,0.7311827956989247,0.8979591836734694,1.0,0.7555555555555556,0.8979591836734694
1.0,0.55,0.8181818181818182,1.0,0.44,0.75,1.0,0.48888888888888893,0.7826086956521738
1.0,0.8095238095238095,0.9142857142857143,1.0,0.6623376623376623,0.9411764705882353,1.0,0.7285714285714286,0.9275362318840579
