Persona Precision,Entity Precision,Action Precision,Persona Recall,Entity Recall,Action Recall,Persona F-Measure,Entity F-Measure,Action F-Measure
0.8757637474541752,0.26081905315132153,0.07568238213399504,0.8817498291182502,0.5468940316686967,0.11663479923518165,0.8787465940054497,0.3531956735496558,0.09179834462001506
