Persona Precision,Entity Precision,Action Precision,Persona Recall,Entity Recall,Action Recall,Persona F-Measure,Entity F-Measure,Action F-Measure
0.8560760353021045,0.1841417368573918,0.07568238213399504,0.8619275461380724,0.3861144945188794,0.11663479923518165,0.8589918256130791,0.24936086529006882,0.09179834462001506
