Persona Precision,Entity Precision,Action Precision,Persona Recall,Entity Recall,Action Recall,Persona F-Measure,Entity F-Measure,Action F-Measure
1.0,0.8534119629317607,0.8612244897959184,1.0,0.8658119658119658,0.8647540983606558,1.0,0.8595672464997879,0.8629856850715747
