Persona Precision,Entity Precision,Action Precision,Persona Recall,Entity Recall,Action Recall,Persona F-Measure,Entity F-Measure,Action F-Measure
1.0,0.8033613445378152,0.8421807747489239,1.0,0.8241379310344827,0.8096551724137931,1.0,0.8136170212765957,0.8255977496483826
