Persona Precision,Entity Precision,Action Precision,Persona Recall,Entity Recall,Action Recall,Persona F-Measure,Entity F-Measure,Action F-Measure
1.0,0.7926727726894255,0.8179453836150845,1.0,0.8136752136752137,0.8592896174863388,1.0,0.8030366933783214,0.838107928047968
