Persona Precision,Entity Precision,Action Precision,Persona Recall,Entity Recall,Action Recall,Persona F-Measure,Entity F-Measure,Action F-Measure
1.0,0.8594276094276094,0.8675862068965517,1.0,0.8726495726495727,0.8592896174863388,1.0,0.8659881255301103,0.8634179821551133
