Persona Precision,Entity Precision,Action Precision,Persona Recall,Entity Recall,Action Recall,Persona F-Measure,Entity F-Measure,Action F-Measure
1.0,0.8905723905723906,0.9089655172413793,1.0,0.9042735042735043,0.9002732240437158,1.0,0.897370653095844,0.9045984900480438
