Persona Precision,Entity Precision,Action Precision,Persona Recall,Entity Recall,Action Recall,Persona F-Measure,Entity F-Measure,Action F-Measure
1.0,0.8445378151260504,0.8837876614060258,1.0,0.8663793103448276,0.8496551724137931,1.0,0.8553191489361702,0.8663853727144867
