Persona Precision,Entity Precision,Action Precision,Persona Recall,Entity Recall,Action Recall,Persona F-Measure,Entity F-Measure,Action F-Measure
1.0,0.8828980623420387,0.8952380952380953,1.0,0.8957264957264958,0.8989071038251366,1.0,0.8892660161221893,0.8970688479890934
