Persona Precision,Entity Precision,Action Precision,Persona Recall,Entity Recall,Action Recall,Persona F-Measure,Entity F-Measure,Action F-Measure
0.9958677685950413,0.832620320855615,0.8393470790378007,0.9958677685950413,0.8471164309031556,0.8762331838565023,0.9958677685950413,0.8398058252427185,0.8573935936814393
