Persona Precision,Entity Precision,Action Precision,Persona Recall,Entity Recall,Action Recall,Persona F-Measure,Entity F-Measure,Action F-Measure
1.0,0.8384679433805162,0.8569570871261378,1.0,0.8606837606837607,0.9002732240437158,1.0,0.8494306199915647,0.8780812791472351
