Persona Precision,Entity Precision,Action Precision,Persona Recall,Entity Recall,Action Recall,Persona F-Measure,Entity F-Measure,Action F-Measure
1.0,0.8560606060606061,0.8675862068965517,1.0,0.8692307692307693,0.8592896174863388,1.0,0.8625954198473283,0.8634179821551133
