Persona Precision,Entity Precision,Action Precision,Persona Recall,Entity Recall,Action Recall,Persona F-Measure,Entity F-Measure,Action F-Measure
1.0,0.7983193277310925,0.8421807747489239,1.0,0.8189655172413793,0.8096551724137931,1.0,0.8085106382978725,0.8255977496483826
