Persona Precision,Entity Precision,Action Precision,Persona Recall,Entity Recall,Action Recall,Persona F-Measure,Entity F-Measure,Action F-Measure
1.0,0.7843463780183181,0.8166449934980494,1.0,0.8051282051282052,0.8579234972677595,1.0,0.7946014339940954,0.8367754830113258
