Persona Precision,Entity Precision,Action Precision,Persona Recall,Entity Recall,Action Recall,Persona F-Measure,Entity F-Measure,Action F-Measure
0.9958677685950413,0.7802139037433156,0.7989690721649485,0.9958677685950413,0.79379760609358,0.8340807174887892,0.9958677685950413,0.7869471413160735,0.8161474330846863
