Persona Precision,Entity Precision,Action Precision,Persona Recall,Entity Recall,Action Recall,Persona F-Measure,Entity F-Measure,Action F-Measure
0.5867768595041323,0.6074380165289256,0.9752066115702479,0.5867768595041323,0.15995647442872687,0.4233183856502242,0.5867768595041323,0.2532299741602067,0.590368980612883
