Persona Precision,Entity Precision,Action Precision,Persona Recall,Entity Recall,Action Recall,Persona F-Measure,Entity F-Measure,Action F-Measure
0.5867768595041323,0.4152892561983471,0.9049586776859504,0.5867768595041323,0.10935799782372144,0.39282511210762333,0.5867768595041323,0.1731266149870801,0.5478424015009381
