Persona Precision,Entity Precision,Action Precision,Persona Recall,Entity Recall,Action Recall,Persona F-Measure,Entity F-Measure,Action F-Measure
0.9950738916256158,0.8776009791921665,0.9023354564755839,0.9950738916256158,0.8951310861423221,0.91792656587473,0.9950738916256159,0.8862793572311496,0.9100642398286939
1.0,0.9265536723163842,0.7741935483870968,1.0,0.9479768786127167,0.7912087912087912,1.0,0.9371428571428572,0.7826086956521738
1.0,0.8818897637795275,0.9382716049382716,1.0,0.9032258064516129,0.8837209302325582,1.0,0.8924302788844621,0.9101796407185628
1.0,0.8404907975460123,0.8926829268292683,1.0,0.8277945619335347,0.8798076923076923,1.0,0.8340943683409437,0.8861985472154963
1.0,0.8333333333333334,0.8817204301075269,1.0,0.8083832335329342,0.845360824742268,1.0,0.8206686930091186,0.8631578947368421
1.0,0.8495575221238938,0.8353658536585366,1.0,0.8275862068965517,0.8404907975460123,1.0,0.8384279475982533,0.837920489296636
