Persona Precision,Entity Precision,Action Precision,Persona Recall,Entity Recall,Action Recall,Persona F-Measure,Entity F-Measure,Action F-Measure
0.9950738916256158,0.8372093023255814,0.861995753715499,0.9950738916256158,0.8539325842696629,0.8768898488120951,0.9950738916256159,0.8454882571075403,0.8693790149892934
1.0,0.8926553672316384,0.7311827956989247,1.0,0.9132947976878613,0.7472527472527473,1.0,0.9028571428571429,0.7391304347826086
1.0,0.8740157480314961,0.9135802469135802,1.0,0.8951612903225806,0.8604651162790697,1.0,0.8844621513944222,0.8862275449101796
1.0,0.7944785276073619,0.848780487804878,1.0,0.7824773413897281,0.8365384615384616,1.0,0.7884322678843226,0.8426150121065376
1.0,0.8024691358024691,0.8387096774193549,1.0,0.7784431137724551,0.8041237113402062,1.0,0.790273556231003,0.8210526315789475
1.0,0.7964601769911505,0.7621951219512195,1.0,0.7758620689655172,0.7668711656441718,1.0,0.7860262008733625,0.764525993883792
