Persona Precision,Entity Precision,Action Precision,Persona Recall,Entity Recall,Action Recall,Persona F-Measure,Entity F-Measure,Action F-Measure
0.5682539682539682,0.42857142857142855,0.9079365079365079,0.5682539682539682,0.11538461538461539,0.3907103825136612,0.5682539682539682,0.18181818181818182,0.5463228271251194
