Persona Precision,Entity Precision,Action Precision,Persona Recall,Entity Recall,Action Recall,Persona F-Measure,Entity F-Measure,Action F-Measure
0.8796992481203008,0.46865671641791046,0.10833333333333334,0.8863636363636364,0.307843137254902,0.08441558441558442,0.8830188679245284,0.3715976331360947,0.0948905109489051
0.92,0.5882352941176471,0.11764705882352941,0.92,0.35714285714285715,0.06557377049180328,0.92,0.4444444444444445,0.08421052631578949
1.0,0.7391304347826086,0.10416666666666667,1.0,0.6623376623376623,0.09090909090909091,1.0,0.6986301369863014,0.09708737864077671
1.0,0.5043478260869565,0.05952380952380952,1.0,0.28019323671497587,0.03731343283582089,1.0,0.36024844720496896,0.04587155963302752
0.7586206896551724,0.5303030303030303,0.1111111111111111,0.7586206896551724,0.3181818181818182,0.078125,0.7586206896551724,0.3977272727272727,0.09174311926605505
1.0,0.6190476190476191,0.0967741935483871,1.0,0.3611111111111111,0.05825242718446602,1.0,0.45614035087719296,0.07272727272727272
