Persona Precision,Entity Precision,Action Precision,Persona Recall,Entity Recall,Action Recall,Persona F-Measure,Entity F-Measure,Action F-Measure
0.6136363636363636,0.6136363636363636,1.0,0.6136363636363636,0.5625,0.9166666666666666,0.6136363636363636,0.5869565217391304,0.9565217391304348
0.6,0.36,0.96,0.6,0.3333333333333333,0.8888888888888888,0.6,0.34615384615384615,0.923076923076923
1.0,0.7037037037037037,0.9259259259259259,1.0,0.7037037037037037,0.9259259259259259,1.0,0.7037037037037037,0.9259259259259259
0.5714285714285714,0.5,0.9821428571428571,0.5714285714285714,0.4666666666666667,0.873015873015873,0.5714285714285714,0.4827586206896552,0.9243697478991596
0.2413793103448276,0.1724137931034483,0.8620689655172413,0.2413793103448276,0.14705882352941177,0.8064516129032258,0.2413793103448276,0.15873015873015872,0.8333333333333334
0.37209302325581395,0.627906976744186,1.0,0.37209302325581395,0.5625,0.9772727272727273,0.3720930232558139,0.5934065934065934,0.9885057471264368
