Persona Precision,Entity Precision,Action Precision,Persona Recall,Entity Recall,Action Recall,Persona F-Measure,Entity F-Measure,Action F-Measure
0.6136363636363636,0.3939393939393939,0.9166666666666666,0.6136363636363636,0.3611111111111111,0.8402777777777778,0.6136363636363636,0.37681159420289856,0.8768115942028986
0.6,0.2,0.92,0.6,0.18518518518518517,0.8518518518518519,0.6,0.1923076923076923,0.8846153846153846
1.0,0.5925925925925926,0.8888888888888888,1.0,0.5925925925925926,0.8888888888888888,1.0,0.5925925925925926,0.8888888888888888
0.5714285714285714,0.42857142857142855,0.9285714285714286,0.5714285714285714,0.4,0.8253968253968254,0.5714285714285714,0.4137931034482759,0.8739495798319328
0.2413793103448276,0.13793103448275862,0.7586206896551724,0.2413793103448276,0.11764705882352941,0.7096774193548387,0.2413793103448276,0.126984126984127,0.7333333333333333
0.37209302325581395,0.4186046511627907,0.9534883720930233,0.37209302325581395,0.375,0.9318181818181818,0.3720930232558139,0.3956043956043956,0.942528735632184
