Persona Precision,Entity Precision,Action Precision,Persona Recall,Entity Recall,Action Recall,Persona F-Measure,Entity F-Measure,Action F-Measure
0.8009708737864077,0.14656771799628943,0.07238605898123325,0.812807881773399,0.341991341991342,0.12162162162162163,0.8068459657701711,0.2051948051948052,0.09075630252100841
0.8974358974358975,0.1651376146788991,0.07142857142857142,0.8974358974358975,0.4186046511627907,0.09523809523809523,0.8974358974358975,0.2368421052631579,0.08163265306122448
1.0,0.2636363636363636,0.06329113924050633,1.0,0.6904761904761905,0.12195121951219512,1.0,0.381578947368421,0.08333333333333334
0.9540229885057471,0.192090395480226,0.064,0.9540229885057471,0.3655913978494624,0.08163265306122448,0.9540229885057472,0.2518518518518519,0.07174887892376683
0.5681818181818182,0.15625,0.06666666666666667,0.5681818181818182,0.3,0.10416666666666667,0.5681818181818182,0.20547945205479454,0.08130081300813008
0.9850746268656716,0.2116788321167883,0.06315789473684211,0.9850746268656716,0.37662337662337664,0.08823529411764706,0.9850746268656716,0.2710280373831776,0.0736196319018405
