Persona Precision,Entity Precision,Action Precision,Persona Recall,Entity Recall,Action Recall,Persona F-Measure,Entity F-Measure,Action F-Measure
0.9080459770114943,0.6179775280898876,0.10569105691056911,0.9294117647058824,0.4,0.06565656565656566,0.9186046511627908,0.48565121412803536,0.0809968847352025
0.9080459770114943,0.6179775280898876,0.10569105691056911,0.9294117647058824,0.4,0.06565656565656566,0.9186046511627908,0.48565121412803536,0.0809968847352025
