Persona Precision,Entity Precision,Action Precision,Persona Recall,Entity Recall,Action Recall,Persona F-Measure,Entity F-Measure,Action F-Measure
0.8045977011494253,0.5337078651685393,0.15447154471544716,0.8235294117647058,0.34545454545454546,0.09595959595959595,0.813953488372093,0.41942604856512145,0.11838006230529594
