Persona Precision,Entity Precision,Action Precision,Persona Recall,Entity Recall,Action Recall,Persona F-Measure,Entity F-Measure,Action F-Measure
0.9387755102040817,0.5444444444444444,0.058823529411764705,0.9583333333333334,0.30246913580246915,0.03571428571428571,0.9484536082474228,0.3888888888888889,0.044444444444444446
0.9387755102040817,0.5444444444444444,0.058823529411764705,0.9583333333333334,0.30246913580246915,0.03571428571428571,0.9484536082474228,0.3888888888888889,0.044444444444444446
