Persona Precision,Entity Precision,Action Precision,Persona Recall,Entity Recall,Action Recall,Persona F-Measure,Entity F-Measure,Action F-Measure
0.9387755102040817,0.3111111111111111,0.04411764705882353,0.9583333333333334,0.509090909090909,0.057692307692307696,0.9484536082474228,0.38620689655172413,0.05000000000000001
0.9387755102040817,0.4777777777777778,0.058823529411764705,0.9583333333333334,0.2654320987654321,0.03571428571428571,0.9484536082474228,0.3412698412698413,0.044444444444444446
