Persona Precision,Entity Precision,Action Precision,Persona Recall,Entity Recall,Action Recall,Persona F-Measure,Entity F-Measure,Action F-Measure
0.7701149425287356,0.449438202247191,0.10569105691056911,0.788235294117647,0.2909090909090909,0.06565656565656566,0.7790697674418604,0.3532008830022075,0.0809968847352025
0.7701149425287356,0.449438202247191,0.10569105691056911,0.788235294117647,0.2909090909090909,0.06565656565656566,0.7790697674418604,0.3532008830022075,0.0809968847352025
0.7701149425287356,0.449438202247191,0.10569105691056911,0.788235294117647,0.2909090909090909,0.06565656565656566,0.7790697674418604,0.3532008830022075,0.0809968847352025
