Persona Precision,Entity Precision,Action Precision,Persona Recall,Entity Recall,Action Recall,Persona F-Measure,Entity F-Measure,Action F-Measure
0.9113924050632911,0.5274431057563588,0.09807692307692308,0.9142857142857143,0.3367521367521368,0.06967213114754098,0.9128367670364501,0.4110589462702139,0.08146964856230031
