Persona Precision,Entity Precision,Action Precision,Persona Recall,Entity Recall,Action Recall,Persona F-Measure,Entity F-Measure,Action F-Measure
0.8512658227848101,0.4578313253012048,0.08653846153846154,0.8539682539682539,0.2923076923076923,0.06147540983606557,0.8526148969889065,0.3568075117370892,0.07188498402555911
