Persona Precision,Entity Precision,Action Precision,Persona Recall,Entity Recall,Action Recall,Persona F-Measure,Entity F-Measure,Action F-Measure
0.9855737704918033,0.28815261044176704,0.5425163524432474,0.9868680236375574,0.6705607476635514,0.8645003065603925,0.9862204724409448,0.40308988764044945,0.6666666666666667
