Persona Precision,Entity Precision,Action Precision,Persona Recall,Entity Recall,Action Recall,Persona F-Measure,Entity F-Measure,Action F-Measure
0.9855737704918033,0.30622489959839355,0.5679107348980377,0.9868680236375574,0.7126168224299065,0.9049662783568363,0.9862204724409448,0.4283707865168539,0.6978723404255319
