Persona Precision,Entity Precision,Action Precision,Persona Recall,Entity Recall,Action Recall,Persona F-Measure,Entity F-Measure,Action F-Measure
0.9855737704918033,0.2843875502008032,0.5417468257021931,0.9868680236375574,0.6617990654205608,0.8632740649908032,0.9862204724409448,0.3978230337078652,0.6657210401891254
