Persona Precision,Entity Precision,Action Precision,Persona Recall,Entity Recall,Action Recall,Persona F-Measure,Entity F-Measure,Action F-Measure
0.6224328593996841,0.6303317535545023,0.9873617693522907,0.6214511041009464,0.16645807259073842,0.44738725841088045,0.6219415943172849,0.2633663366336633,0.6157635467980295
0.4787234042553192,0.46808510638297873,0.9893617021276596,0.4787234042553192,0.11027568922305764,0.44075829383886256,0.47872340425531923,0.17849898580121704,0.6098360655737706
0.9922480620155039,0.7209302325581395,0.9689922480620154,0.9922480620155039,0.25761772853185594,0.5020080321285141,0.9922480620155039,0.3795918367346939,0.6613756613756614
0.5821428571428572,0.5642857142857143,0.9892857142857143,0.5821428571428572,0.15177713736791545,0.42615384615384616,0.5821428571428572,0.2392127176381529,0.5956989247311829
0.20535714285714285,0.4375,0.9375,0.20535714285714285,0.11694510739856802,0.42,0.20535714285714285,0.18455743879472694,0.580110497237569
0.43601895734597157,0.5876777251184834,0.981042654028436,0.43601895734597157,0.1608300907911803,0.39807692307692305,0.43601895734597157,0.2525458248472505,0.5663474692202463
