Persona Precision,Entity Precision,Action Precision,Persona Recall,Entity Recall,Action Recall,Persona F-Measure,Entity F-Measure,Action F-Measure
0.9931600547195623,0.23136740052514643,0.28291948833709557,0.9924812030075187,0.42441645053723603,0.8014616321559074,0.9928205128205128,0.29947712418300654,0.41820926352586
