Persona Precision,Entity Precision,Action Precision,Persona Recall,Entity Recall,Action Recall,Persona F-Measure,Entity F-Measure,Action F-Measure
0.9931459904043866,0.06127823356629191,0.15168175937904269,0.9924657534246575,0.3691275167785235,0.8990415335463259,0.9928057553956834,0.10510771369006255,0.2595701503551333
