Persona Precision,Entity Precision,Action Precision,Persona Recall,Entity Recall,Action Recall,Persona F-Measure,Entity F-Measure,Action F-Measure
0.9924760601915185,0.08796202787315693,0.16091583360206385,0.9917976760082023,0.5304506699147381,0.9541108986615678,0.9921367521367521,0.15090090090090091,0.2753863134657836
