Persona Precision,Entity Precision,Action Precision,Persona Recall,Entity Recall,Action Recall,Persona F-Measure,Entity F-Measure,Action F-Measure
0.9924605894448252,0.0881191127316925,0.1609529969814575,0.9917808219178083,0.5308114704087858,0.9539936102236422,0.9921205892428914,0.15114662960389158,0.2754358454017157
