Persona Precision,Entity Precision,Action Precision,Persona Recall,Entity Recall,Action Recall,Persona F-Measure,Entity F-Measure,Action F-Measure
0.9924605894448252,0.06056922921097944,0.15168175937904269,0.9917808219178083,0.3648566198901769,0.8990415335463259,0.9921205892428914,0.1038915913829048,0.2595701503551333
