Persona Precision,Entity Precision,Action Precision,Persona Recall,Entity Recall,Action Recall,Persona F-Measure,Entity F-Measure,Action F-Measure
0.9924760601915185,0.0604928297313674,0.15167150381597333,0.9917976760082023,0.36479902557856275,0.8992989165073295,0.9921367521367521,0.10377685377685378,0.2595658572479765
