Persona Precision,Entity Precision,Action Precision,Persona Recall,Entity Recall,Action Recall,Persona F-Measure,Entity F-Measure,Action F-Measure
0.8755102040816326,0.26090750436300175,0.07542478242851222,0.8815068493150685,0.5472849298352654,0.11629392971246007,0.8784982935153584,0.3533582824502659,0.0915032679738562
