Persona Precision,Entity Precision,Action Precision,Persona Recall,Entity Recall,Action Recall,Persona F-Measure,Entity F-Measure,Action F-Measure
0.9198913781398507,0.2102817310485042,0.09098428453267163,0.9261790840738209,0.440925700365408,0.14021669853409816,0.923024523160763,0.28475909537856436,0.11035866566340606
