Persona Precision,Entity Precision,Action Precision,Persona Recall,Entity Recall,Action Recall,Persona F-Measure,Entity F-Measure,Action F-Measure
0.9197278911564626,0.21029668411867364,0.09075839204309988,0.9260273972602739,0.44112263575350824,0.13993610223642172,0.9228668941979522,0.28481386645656886,0.11010558069381599
