Persona Precision,Entity Precision,Action Precision,Persona Recall,Entity Recall,Action Recall,Persona F-Measure,Entity F-Measure,Action F-Measure
0.85578231292517,0.18411867364746945,0.07542478242851222,0.8616438356164383,0.3862111043319097,0.11629392971246007,0.8587030716723548,0.24935985818396691,0.0915032679738562
