Persona Precision,Entity Precision,Action Precision,Persona Recall,Entity Recall,Action Recall,Persona F-Measure,Entity F-Measure,Action F-Measure
0.9979338842975206,0.8319502074688797,0.9337121212121212,0.9979338842975206,0.7412199630314233,0.9444444444444444,0.9979338842975206,0.7839687194525905,0.939047619047619
