Persona Precision,Entity Precision,Action Precision,Persona Recall,Entity Recall,Action Recall,Persona F-Measure,Entity F-Measure,Action F-Measure
0.9979338842975206,0.8091286307053942,0.9071969696969697,0.9979338842975206,0.7208872458410351,0.9176245210727969,0.9979338842975206,0.7624633431085044,0.9123809523809524
