Persona Precision,Entity Precision,Action Precision,Persona Recall,Entity Recall,Action Recall,Persona F-Measure,Entity F-Measure,Action F-Measure
0.8726899383983573,0.24448217317487267,0.06790123456790123,0.878099173553719,0.532347504621072,0.1053639846743295,0.8753861997940269,0.3350785340314136,0.08258258258258258
