Persona Precision,Entity Precision,Action Precision,Persona Recall,Entity Recall,Action Recall,Persona F-Measure,Entity F-Measure,Action F-Measure
0.8521560574948666,0.17402376910016978,0.06790123456790123,0.8574380165289256,0.3789279112754159,0.1053639846743295,0.8547888774459321,0.23851076207097147,0.08258258258258258
