Persona Precision,Entity Precision,Action Precision,Persona Recall,Entity Recall,Action Recall,Persona F-Measure,Entity F-Measure,Action F-Measure
0.8726899383983573,0.6290322580645161,0.07654320987654321,0.878099173553719,0.40315560391730143,0.05560538116591928,0.8753861997940269,0.4913793103448277,0.06441558441558441
