Persona Precision,Entity Precision,Action Precision,Persona Recall,Entity Recall,Action Recall,Persona F-Measure,Entity F-Measure,Action F-Measure
0.9137577002053389,0.5280135823429541,0.08765432098765433,0.9194214876033058,0.338411316648531,0.06367713004484304,0.9165808444902163,0.4124668435013263,0.07376623376623377
