Persona Precision,Entity Precision,Action Precision,Persona Recall,Entity Recall,Action Recall,Persona F-Measure,Entity F-Measure,Action F-Measure
1.0,0.8277870216306157,0.8554533508541393,1.0,0.8504273504273504,0.889344262295082,1.0,0.8389544688026982,0.8720696584058942
