Persona Precision,Entity Precision,Action Precision,Persona Recall,Entity Recall,Action Recall,Persona F-Measure,Entity F-Measure,Action F-Measure
0.8356807511737089,0.5971446306641838,0.0890909090909091,0.8422712933753943,0.40133500208594075,0.07015032211882606,0.8389630793401414,0.48003992015968067,0.07849419303163797
0.8829787234042553,0.6171875,0.09420289855072464,0.8829787234042553,0.39598997493734334,0.061611374407582936,0.8829787234042553,0.48244274809160304,0.07449856733524356
0.9922480620155039,0.742603550295858,0.058823529411764705,0.9922480620155039,0.6952908587257618,0.060240963855421686,0.9922480620155039,0.7181688125894135,0.05952380952380952
0.931899641577061,0.7173524150268337,0.07600950118764846,0.935251798561151,0.38856589147286824,0.049766718506998445,0.933572710951526,0.5040854808296669,0.060150375939849614
0.6875,0.6386554621848739,0.10059171597633136,0.6875,0.3627684964200477,0.068,0.6875,0.4627092846270928,0.081145584725537
0.9579439252336449,0.6408450704225352,0.08978328173374613,0.9761904761904762,0.3559322033898305,0.05609284332688588,0.9669811320754718,0.4576697401508802,0.06904761904761904
