Persona Precision,Entity Precision,Action Precision,Persona Recall,Entity Recall,Action Recall,Persona F-Measure,Entity F-Measure,Action F-Measure
0.8356807511737089,0.5971446306641838,0.0890909090909091,0.8422712933753943,0.40133500208594075,0.07015032211882606,0.8389630793401414,0.48003992015968067,0.07849419303163797
0.8829787234042553,0.6171875,0.09420289855072464,0.8829787234042553,0.39598997493734334,0.061611374407582936,0.8829787234042553,0.48244274809160304,0.07449856733524356
0.9922480620155039,0.742603550295858,0.058823529411764705,0.9922480620155039,0.6952908587257618,0.060240963855421686,0.9922480620155039,0.7181688125894135,0.05952380952380952
0.9323843416370107,0.7170818505338078,0.07764705882352942,0.9357142857142857,0.3871277617675312,0.05076923076923077,0.9340463458110516,0.5028072364316906,0.06139534883720929
0.6875,0.6386554621848739,0.10059171597633136,0.6875,0.3627684964200477,0.068,0.6875,0.4627092846270928,0.081145584725537
0.958139534883721,0.6401869158878505,0.08950617283950617,0.976303317535545,0.3553826199740597,0.05576923076923077,0.9671361502347418,0.457047539616347,0.06872037914691942
