Persona Precision,Entity Precision,Action Precision,Persona Recall,Entity Recall,Action Recall,Persona F-Measure,Entity F-Measure,Action F-Measure
0.8841940532081377,0.4903786468032278,0.10818181818181818,0.8911671924290221,0.32957863996662495,0.08518253400143164,0.8876669285153181,0.3942115768463073,0.09531437725270324
0.8829787234042553,0.5859375,0.09420289855072464,0.8829787234042553,0.37593984962406013,0.061611374407582936,0.8829787234042553,0.4580152671755725,0.07449856733524356
1.0,0.6301775147928994,0.07450980392156863,1.0,0.590027700831025,0.07630522088353414,1.0,0.6094420600858368,0.07539682539682539
0.9893238434163701,0.5765124555160143,0.08705882352941176,0.9928571428571429,0.3112391930835735,0.05692307692307692,0.9910873440285205,0.40424204616344356,0.06883720930232558
0.8035714285714286,0.5378151260504201,0.1301775147928994,0.8035714285714286,0.3054892601431981,0.088,0.8035714285714286,0.3896499238964993,0.10501193317422435
0.9767441860465116,0.5887850467289719,0.1111111111111111,0.995260663507109,0.32684824902723736,0.06923076923076923,0.9859154929577465,0.42035029190992496,0.08530805687203792
