Persona Precision,Entity Precision,Action Precision,Persona Recall,Entity Recall,Action Recall,Persona F-Measure,Entity F-Measure,Action F-Measure
0.8841940532081377,0.4903786468032278,0.10818181818181818,0.8911671924290221,0.32957863996662495,0.08518253400143164,0.8876669285153181,0.3942115768463073,0.09531437725270324
0.8829787234042553,0.5859375,0.09420289855072464,0.8829787234042553,0.37593984962406013,0.061611374407582936,0.8829787234042553,0.4580152671755725,0.07449856733524356
1.0,0.6301775147928994,0.07450980392156863,1.0,0.590027700831025,0.07630522088353414,1.0,0.6094420600858368,0.07539682539682539
0.989247311827957,0.5778175313059034,0.0855106888361045,0.9928057553956835,0.312984496124031,0.05598755832037325,0.9910233393177739,0.4060339409176619,0.06766917293233082
0.8035714285714286,0.5378151260504201,0.1301775147928994,0.8035714285714286,0.3054892601431981,0.088,0.8035714285714286,0.3896499238964993,0.10501193317422435
0.9766355140186916,0.5868544600938967,0.11145510835913312,0.9952380952380953,0.3259452411994785,0.06963249516441006,0.9858490566037736,0.4191114836546521,0.08571428571428572
