Persona Precision,Entity Precision,Action Precision,Persona Recall,Entity Recall,Action Recall,Persona F-Measure,Entity F-Measure,Action F-Measure
0.8043818466353677,0.4301675977653631,0.08818181818181818,0.8107255520504731,0.28911138923654567,0.06943450250536864,0.807541241162608,0.34580838323353297,0.0776932318782539
0.8723404255319149,0.53515625,0.09420289855072464,0.8723404255319149,0.3433583959899749,0.061611374407582936,0.8723404255319149,0.4183206106870229,0.07449856733524356
0.9922480620155039,0.5769230769230769,0.054901960784313725,0.9922480620155039,0.5401662049861495,0.05622489959839357,0.9922480620155039,0.5579399141630901,0.05555555555555555
0.931899641577061,0.5080500894454383,0.07363420427553444,0.935251798561151,0.2751937984496124,0.04821150855365474,0.933572710951526,0.3570081709616593,0.05827067669172932
0.6160714285714286,0.4579831932773109,0.10059171597633136,0.6160714285714286,0.26014319809069214,0.068,0.6160714285714286,0.3318112633181126,0.081145584725537
0.9579439252336449,0.4788732394366197,0.08978328173374613,0.9761904761904762,0.26597131681877445,0.05609284332688588,0.9669811320754718,0.3419949706621961,0.06904761904761904
