Persona Precision,Entity Precision,Action Precision,Persona Recall,Entity Recall,Action Recall,Persona F-Measure,Entity F-Measure,Action F-Measure
0.8043818466353677,0.4301675977653631,0.08818181818181818,0.8107255520504731,0.28911138923654567,0.06943450250536864,0.807541241162608,0.34580838323353297,0.0776932318782539
0.8723404255319149,0.53515625,0.09420289855072464,0.8723404255319149,0.3433583959899749,0.061611374407582936,0.8723404255319149,0.4183206106870229,0.07449856733524356
0.9922480620155039,0.5769230769230769,0.054901960784313725,0.9922480620155039,0.5401662049861495,0.05622489959839357,0.9922480620155039,0.5579399141630901,0.05555555555555555
0.9323843416370107,0.5071174377224199,0.07529411764705882,0.9357142857142857,0.2737752161383285,0.04923076923076923,0.9340463458110516,0.3555832813474735,0.05953488372093023
0.6160714285714286,0.4579831932773109,0.10059171597633136,0.6160714285714286,0.26014319809069214,0.068,0.6160714285714286,0.3318112633181126,0.081145584725537
0.958139534883721,0.47897196261682246,0.08950617283950617,0.976303317535545,0.26588845654993515,0.05576923076923077,0.9671361502347418,0.3419516263552961,0.06872037914691942
