Persona Precision,Entity Precision,Action Precision,Persona Recall,Entity Recall,Action Recall,Persona F-Measure,Entity F-Measure,Action F-Measure
1.0,0.8127340823970037,0.8785942492012779,1.0,0.8509803921568627,0.8928571428571429,1.0,0.8314176245210727,0.8856682769726248
1.0,0.85,0.7361111111111112,1.0,0.9107142857142857,0.8688524590163934,1.0,0.8793103448275861,0.7969924812030076
1.0,0.8205128205128205,0.9230769230769231,1.0,0.8311688311688312,0.8727272727272727,1.0,0.8258064516129032,0.897196261682243
1.0,0.8058252427184466,0.9044117647058824,1.0,0.8019323671497585,0.917910447761194,1.0,0.8038740920096852,0.9111111111111111
1.0,0.8365384615384616,0.9032258064516129,1.0,0.7909090909090909,0.875,1.0,0.8130841121495327,0.8888888888888888
1.0,0.8095238095238095,0.8333333333333334,1.0,0.8263888888888888,0.8252427184466019,1.0,0.81786941580756,0.8292682926829268
