Persona Precision,Entity Precision,Action Precision,Persona Recall,Entity Recall,Action Recall,Persona F-Measure,Entity F-Measure,Action F-Measure
1.0,0.7546816479400749,0.8498402555910544,1.0,0.7901960784313725,0.8636363636363636,1.0,0.772030651340996,0.856682769726248
1.0,0.8,0.7083333333333334,1.0,0.8571428571428571,0.8360655737704918,1.0,0.8275862068965518,0.7669172932330828
1.0,0.782051282051282,0.8846153846153846,1.0,0.7922077922077922,0.8363636363636363,1.0,0.7870967741935484,0.8598130841121494
1.0,0.7718446601941747,0.8602941176470589,1.0,0.7681159420289855,0.8731343283582089,1.0,0.7699757869249395,0.8666666666666667
1.0,0.7692307692307693,0.8709677419354839,1.0,0.7272727272727273,0.84375,1.0,0.7476635514018691,0.8571428571428571
1.0,0.7346938775510204,0.7745098039215687,1.0,0.75,0.7669902912621359,1.0,0.7422680412371135,0.7707317073170732
