Persona Precision,Entity Precision,Action Precision,Persona Recall,Entity Recall,Action Recall,Persona F-Measure,Entity F-Measure,Action F-Measure
0.6224328593996841,0.5560821484992101,0.9842022116903634,0.6214511041009464,0.49230769230769234,0.9121522693997072,0.6219415943172849,0.5222551928783382,0.9468085106382979
0.4787234042553192,0.3829787234042553,0.9787234042553191,0.4787234042553192,0.34951456310679613,0.92,0.47872340425531923,0.3654822335025381,0.9484536082474226
0.9922480620155039,0.6201550387596899,0.9612403100775194,0.9922480620155039,0.6106870229007634,0.9538461538461539,0.9922480620155039,0.6153846153846154,0.9575289575289576
0.5821428571428572,0.49642857142857144,0.9892857142857143,0.5821428571428572,0.439873417721519,0.8765822784810127,0.5821428571428572,0.4664429530201343,0.9295302013422819
0.20535714285714285,0.35714285714285715,0.9196428571428571,0.20535714285714285,0.3333333333333333,0.8728813559322034,0.20535714285714285,0.3448275862068965,0.8956521739130435
0.43601895734597157,0.5118483412322274,0.976303317535545,0.43601895734597157,0.42857142857142855,0.9406392694063926,0.43601895734597157,0.46652267818574505,0.9581395348837208
