Persona Precision,Entity Precision,Action Precision,Persona Recall,Entity Recall,Action Recall,Persona F-Measure,Entity F-Measure,Action F-Measure
0.11764705882352941,0.029411764705882353,0.058823529411764705,0.11764705882352941,0.028985507246376812,0.05714285714285714,0.11764705882352941,0.029197080291970805,0.05797101449275362
0.9215686274509803,0.3137254901960784,0.9411764705882353,0.9215686274509803,0.2711864406779661,0.8571428571428571,0.9215686274509803,0.2909090909090909,0.897196261682243
0.03773584905660377,0.4528301886792453,0.9245283018867925,0.03773584905660377,0.4067796610169492,0.8909090909090909,0.03773584905660377,0.4285714285714286,0.9074074074074073
0.5365853658536586,0.04878048780487805,0.3902439024390244,0.5365853658536586,0.047619047619047616,0.37209302325581395,0.5365853658536586,0.04819277108433735,0.380952380952381
0.29896907216494845,0.3711340206185567,0.8865979381443299,0.29896907216494845,0.3050847457627119,0.8431372549019608,0.29896907216494845,0.33488372093023255,0.864321608040201
0.24528301886792453,0.5094339622641509,0.8679245283018868,0.24528301886792453,0.45,0.8070175438596491,0.24528301886792453,0.47787610619469023,0.8363636363636363
0.9807692307692307,0.4807692307692308,0.8269230769230769,0.9807692307692307,0.35714285714285715,0.8113207547169812,0.9807692307692307,0.4098360655737705,0.819047619047619
0.9402985074626866,0.26865671641791045,0.8955223880597015,0.9402985074626866,0.2465753424657534,0.8695652173913043,0.9402985074626865,0.2571428571428571,0.8823529411764706
0.328125,0.28125,0.953125,0.328125,0.2535211267605634,0.8970588235294118,0.328125,0.26666666666666666,0.9242424242424244
