Persona Precision,Entity Precision,Action Precision,Persona Recall,Entity Recall,Action Recall,Persona F-Measure,Entity F-Measure,Action F-Measure
0.960185799601858,0.8381857186638063,0.7661654135338346,0.9910958904109589,0.5078922934076138,0.6224801466096518,0.9753960229187733,0.6325161887141535,0.6868891135827435
