Persona Precision,Entity Precision,Action Precision,Persona Recall,Entity Recall,Action Recall,Persona F-Measure,Entity F-Measure,Action F-Measure
0.960185799601858,0.8936561446521606,0.7906015037593985,0.9910958904109589,0.5415041782729805,0.6423335369578497,0.9753960229187733,0.6743755781683626,0.7087967644084934
