Persona Precision,Entity Precision,Action Precision,Persona Recall,Entity Recall,Action Recall,Persona F-Measure,Entity F-Measure,Action F-Measure
0.960185799601858,0.827459393196445,0.7357142857142858,0.9910958904109589,0.5013927576601671,0.5977397678680513,0.9753960229187733,0.6244218316373729,0.6595888102460398
