Persona Precision,Entity Precision,Action Precision,Persona Recall,Entity Recall,Action Recall,Persona F-Measure,Entity F-Measure,Action F-Measure
0.9691358024691358,0.8289290681502086,0.7787610619469026,0.9968253968253968,0.5094017094017094,0.6010928961748634,0.9827856025039124,0.6310217046056115,0.6784888203546645
