Persona Precision,Entity Precision,Action Precision,Persona Recall,Entity Recall,Action Recall,Persona F-Measure,Entity F-Measure,Action F-Measure
0.9691358024691358,0.8901251738525731,0.8070796460176991,0.9968253968253968,0.5470085470085471,0.6229508196721312,0.9827856025039124,0.6776071995764955,0.7031611410948343
