Persona Precision,Entity Precision,Action Precision,Persona Recall,Entity Recall,Action Recall,Persona F-Measure,Entity F-Measure,Action F-Measure
0.9691358024691358,0.8191933240611962,0.7451327433628319,0.9968253968253968,0.5034188034188034,0.575136612021858,0.9827856025039124,0.6236103758602435,0.6491904394757132
