Persona Precision,Entity Precision,Action Precision,Persona Recall,Entity Recall,Action Recall,Persona F-Measure,Entity F-Measure,Action F-Measure
0.958966565349544,0.8383356070941337,0.7606473594548552,0.9952681388012619,0.5127242386316229,0.639226914817466,0.976780185758514,0.6362930365001295,0.6946713341112407
0.9894736842105263,0.8652173913043478,0.7471910112359551,1.0,0.49874686716791977,0.6303317535545023,0.9947089947089947,0.6327503974562798,0.6838046272493573
0.9923076923076923,0.9136363636363637,0.7039106145251397,1.0,0.556786703601108,0.5060240963855421,0.9961389961389961,0.6919104991394148,0.5887850467289719
0.9115646258503401,0.8330757341576507,0.802,0.9640287769784173,0.5222868217054264,0.6236391912908242,0.9370629370629371,0.6420488385944014,0.7016622922134733
0.9824561403508771,0.8269230769230769,0.7101449275362319,1.0,0.513126491646778,0.588,0.9911504424778761,0.6332842415316643,0.6433260393873085
0.9859154929577465,0.7958236658932715,0.8009592326139089,1.0,0.4471968709256845,0.6460348162475822,0.9929078014184397,0.5726210350584308,0.7152034261241971
