Persona Precision,Entity Precision,Action Precision,Persona Recall,Entity Recall,Action Recall,Persona F-Measure,Entity F-Measure,Action F-Measure
0.958966565349544,0.8901773533424284,0.7700170357751278,0.9952681388012619,0.5444305381727159,0.6471009305654974,0.976780185758514,0.6756406937613254,0.7032283158304162
0.9894736842105263,0.9173913043478261,0.7191011235955056,1.0,0.5288220551378446,0.6066350710900474,0.9947089947089947,0.6709062003179651,0.6580976863753214
0.9923076923076923,0.9636363636363636,0.7486033519553073,1.0,0.5872576177285319,0.5381526104417671,0.9961389961389961,0.7297762478485371,0.6261682242990655
0.9115646258503401,0.8763523956723338,0.846,0.9640287769784173,0.5494186046511628,0.6578538102643857,0.9370629370629371,0.6754020250148899,0.7401574803149606
0.9824561403508771,0.8730769230769231,0.7584541062801933,1.0,0.5417661097852029,0.628,0.9911504424778761,0.6686303387334316,0.6870897155361051
0.9859154929577465,0.8932714617169374,0.8441247002398081,1.0,0.5019556714471969,0.6808510638297872,0.9929078014184397,0.642737896494157,0.7537473233404711
