Persona Precision,Entity Precision,Action Precision,Persona Recall,Entity Recall,Action Recall,Persona F-Measure,Entity F-Measure,Action F-Measure
0.958966565349544,0.8240109140518418,0.7163543441226575,0.9952681388012619,0.5039632874426366,0.6020042949176807,0.976780185758514,0.6254206575200622,0.6542201478024113
0.9894736842105263,0.8478260869565217,0.702247191011236,1.0,0.48872180451127817,0.5924170616113744,0.9947089947089947,0.6200317965023847,0.6426735218508998
0.9923076923076923,0.9136363636363637,0.6871508379888268,1.0,0.556786703601108,0.4939759036144578,0.9961389961389961,0.6919104991394148,0.5747663551401869
0.9115646258503401,0.8238021638330757,0.792,0.9640287769784173,0.5164728682170543,0.6158631415241057,0.9370629370629371,0.6349017272185825,0.6929133858267716
0.9824561403508771,0.8153846153846154,0.6908212560386473,1.0,0.5059665871121718,0.572,0.9911504424778761,0.6244477172312223,0.6258205689277898
0.9859154929577465,0.7935034802784223,0.7793764988009593,1.0,0.44589308996088656,0.6286266924564797,0.9929078014184397,0.5709515859766278,0.6959314775160599
