Persona Precision,Entity Precision,Action Precision,Persona Recall,Entity Recall,Action Recall,Persona F-Measure,Entity F-Measure,Action F-Measure
1.0,0.8500421229991575,0.8612244897959184,1.0,0.8623931623931624,0.8647540983606558,1.0,0.8561731014000848,0.8629856850715747
