Persona Precision,Entity Precision,Action Precision,Persona Recall,Entity Recall,Action Recall,Persona F-Measure,Entity F-Measure,Action F-Measure
0.9979338842975206,0.8772972972972973,0.8759825327510917,0.9979338842975206,0.8830250272034821,0.8995515695067264,0.9979338842975206,0.8801518438177874,0.8876106194690266
