Persona Precision,Entity Precision,Action Precision,Persona Recall,Entity Recall,Action Recall,Persona F-Measure,Entity F-Measure,Action F-Measure
0.9979338842975206,0.8448648648648649,0.8462882096069869,0.9979338842975206,0.8503808487486398,0.8690582959641255,0.9979338842975206,0.8476138828633406,0.8575221238938053
