Persona Precision,Entity Precision,Action Precision,Persona Recall,Entity Recall,Action Recall,Persona F-Measure,Entity F-Measure,Action F-Measure
0.9958677685950413,0.058648407264066685,0.14741544352265476,0.9958677685950413,0.36414048059149723,0.8850574712643678,0.9958677685950413,0.10102564102564102,0.25273522975929974
