Persona Precision,Entity Precision,Action Precision,Persona Recall,Entity Recall,Action Recall,Persona F-Measure,Entity F-Measure,Action F-Measure
0.9958677685950413,0.7887700534759359,0.8006872852233677,0.9958677685950413,0.8025027203482046,0.8358744394618834,0.9958677685950413,0.7955771305285869,0.8179025888547609
