Persona Precision,Entity Precision,Action Precision,Persona Recall,Entity Recall,Action Recall,Persona F-Measure,Entity F-Measure,Action F-Measure
0.9924760601915185,0.22884265804887902,0.28248951950983553,0.9917976760082023,0.4197851055946647,0.8002436053593179,0.9921367521367521,0.2962091503267974,0.41757368713752285
