Persona Precision,Entity Precision,Action Precision,Persona Recall,Entity Recall,Action Recall,Persona F-Measure,Entity F-Measure,Action F-Measure
0.8345864661654135,0.5791044776119403,0.09583333333333334,0.8409090909090909,0.3803921568627451,0.07467532467532467,0.8377358490566038,0.4591715976331361,0.08394160583941607
0.92,0.6470588235294118,0.11764705882352941,0.92,0.39285714285714285,0.06557377049180328,0.92,0.4888888888888888,0.08421052631578949
1.0,0.782608695652174,0.08333333333333333,1.0,0.7012987012987013,0.07272727272727272,1.0,0.7397260273972603,0.07766990291262134
0.9285714285714286,0.6782608695652174,0.07142857142857142,0.9285714285714286,0.37681159420289856,0.04477611940298507,0.9285714285714286,0.484472049689441,0.055045871559633024
0.6551724137931034,0.6818181818181818,0.08888888888888889,0.6551724137931034,0.4090909090909091,0.0625,0.6551724137931034,0.5113636363636365,0.07339449541284403
1.0,0.6428571428571429,0.08064516129032258,1.0,0.375,0.04854368932038835,1.0,0.4736842105263159,0.0606060606060606
