Persona Precision,Entity Precision,Action Precision,Persona Recall,Entity Recall,Action Recall,Persona F-Measure,Entity F-Measure,Action F-Measure
0.8045112781954887,0.4,0.09583333333333334,0.8106060606060606,0.2627450980392157,0.07467532467532467,0.8075471698113208,0.31715976331360946,0.08394160583941607
0.92,0.5294117647058824,0.11764705882352941,0.92,0.32142857142857145,0.06557377049180328,0.92,0.39999999999999997,0.08421052631578949
1.0,0.6666666666666666,0.08333333333333333,1.0,0.5974025974025974,0.07272727272727272,1.0,0.6301369863013698,0.07766990291262134
0.9285714285714286,0.4608695652173913,0.05952380952380952,0.9285714285714286,0.2560386473429952,0.03731343283582089,0.9285714285714286,0.32919254658385094,0.04587155963302752
0.5862068965517241,0.48484848484848486,0.08888888888888889,0.5862068965517241,0.2909090909090909,0.0625,0.5862068965517241,0.3636363636363636,0.07339449541284403
1.0,0.47619047619047616,0.08064516129032258,1.0,0.2777777777777778,0.04854368932038835,1.0,0.3508771929824561,0.0606060606060606
