Persona Precision,Entity Precision,Action Precision,Persona Recall,Entity Recall,Action Recall,Persona F-Measure,Entity F-Measure,Action F-Measure
0.958966565349544,0.3327433628318584,0.5717299578059072,0.9952681388012619,0.5258741258741259,0.7935578330893118,0.976780185758514,0.40758807588075874,0.6646229307173513
0.9894736842105263,0.3202247191011236,0.5766423357664233,1.0,0.5533980582524272,0.79,0.9947089947089947,0.4056939501779359,0.6666666666666667
0.9923076923076923,0.5644171779141104,0.3790849673202614,1.0,0.7022900763358778,0.4461538461538462,0.9961389961389961,0.6258503401360545,0.4098939929328622
0.9115646258503401,0.42448979591836733,0.6328502415458938,0.9640287769784173,0.6624203821656051,0.8370607028753994,0.9370629370629371,0.5174129353233831,0.7207702888583218
0.9824561403508771,0.33,0.5411764705882353,1.0,0.55,0.7796610169491526,0.9911504424778761,0.4125,0.6388888888888888
0.9859154929577465,0.3890577507598784,0.5646687697160884,1.0,0.5099601593625498,0.8211009174311926,0.9929078014184397,0.4413793103448275,0.6691588785046728
