Persona Precision,Entity Precision,Action Precision,Persona Recall,Entity Recall,Action Recall,Persona F-Measure,Entity F-Measure,Action F-Measure
0.958966565349544,0.3548672566371681,0.6054852320675106,0.9952681388012619,0.5608391608391609,0.8404099560761347,0.976780185758514,0.43468834688346886,0.703862660944206
0.9894736842105263,0.3539325842696629,0.583941605839416,1.0,0.6116504854368932,0.8,0.9947089947089947,0.4483985765124555,0.6751054852320675
0.9923076923076923,0.588957055214724,0.39869281045751637,1.0,0.732824427480916,0.46923076923076923,0.9961389961389961,0.653061224489796,0.43109540636042404
0.9115646258503401,0.43673469387755104,0.6545893719806763,0.9640287769784173,0.6815286624203821,0.865814696485623,0.9370629370629371,0.5323383084577114,0.7455295735900963
0.9824561403508771,0.345,0.5647058823529412,1.0,0.575,0.8135593220338984,0.9911504424778761,0.43124999999999997,0.6666666666666666
0.9859154929577465,0.44376899696048633,0.580441640378549,1.0,0.5816733067729084,0.8440366972477065,0.9929078014184397,0.5034482758620689,0.6878504672897197
