Persona Precision,Entity Precision,Action Precision,Persona Recall,Entity Recall,Action Recall,Persona F-Measure,Entity F-Measure,Action F-Measure
0.958966565349544,0.3292035398230089,0.570675105485232,0.9952681388012619,0.5202797202797202,0.7920937042459737,0.976780185758514,0.4032520325203252,0.6633966891477622
0.9894736842105263,0.3146067415730337,0.5766423357664233,1.0,0.5436893203883495,0.79,0.9947089947089947,0.39857651245551595,0.6666666666666667
0.9923076923076923,0.5644171779141104,0.3790849673202614,1.0,0.7022900763358778,0.4461538461538462,0.9961389961389961,0.6258503401360545,0.4098939929328622
0.9115646258503401,0.41836734693877553,0.6304347826086957,0.9640287769784173,0.6528662420382165,0.8338658146964856,0.9370629370629371,0.509950248756219,0.7180192572214581
0.9824561403508771,0.33,0.5411764705882353,1.0,0.55,0.7796610169491526,0.9911504424778761,0.4125,0.6388888888888888
0.9859154929577465,0.3890577507598784,0.5615141955835962,1.0,0.5099601593625498,0.8165137614678899,0.9929078014184397,0.4413793103448275,0.6654205607476635
