Persona Precision,Entity Precision,Action Precision,Persona Recall,Entity Recall,Action Recall,Persona F-Measure,Entity F-Measure,Action F-Measure
0.6502463054187192,0.37438423645320196,0.916256157635468,0.6502463054187192,0.329004329004329,0.8378378378378378,0.6502463054187192,0.3502304147465438,0.8752941176470589
0.5641025641025641,0.20512820512820512,0.9230769230769231,0.5641025641025641,0.18604651162790697,0.8571428571428571,0.5641025641025641,0.1951219512195122,0.888888888888889
1.0,0.5609756097560976,0.926829268292683,1.0,0.5476190476190477,0.926829268292683,1.0,0.5542168674698796,0.926829268292683
0.5862068965517241,0.39080459770114945,0.9080459770114943,0.5862068965517241,0.3655913978494624,0.8061224489795918,0.5862068965517241,0.3777777777777778,0.854054054054054
0.25,0.1590909090909091,0.75,0.25,0.14,0.6875,0.25,0.14893617021276598,0.717391304347826
0.3880597014925373,0.43283582089552236,0.9104477611940298,0.3880597014925373,0.37662337662337664,0.8970588235294118,0.3880597014925373,0.4027777777777778,0.9037037037037037
