Persona Precision,Entity Precision,Action Precision,Persona Recall,Entity Recall,Action Recall,Persona F-Measure,Entity F-Measure,Action F-Measure
0.5786593707250342,0.5937072503419972,0.9808481532147743,0.5782638414217361,0.16080029640607632,0.4366626065773447,0.5784615384615385,0.2530612244897959,0.6042983565107458
