Persona Precision,Entity Precision,Action Precision,Persona Recall,Entity Recall,Action Recall,Persona F-Measure,Entity F-Measure,Action F-Measure
1.0,0.33707865168539325,0.3032849503437739,1.0,0.599250936329588,0.857451403887689,1.0,0.4314606741573034,0.44808126410835225
1.0,0.29856115107913667,0.28,1.0,0.4797687861271676,0.7692307692307693,1.0,0.36807095343680707,0.41055718475073316
1.0,0.3817204301075269,0.4019607843137255,1.0,0.5725806451612904,0.9534883720930233,1.0,0.45806451612903226,0.5655172413793104
1.0,0.2996894409937888,0.32525951557093424,1.0,0.5830815709969789,0.9038461538461539,1.0,0.3958974358974359,0.47837150127226463
0.9772727272727273,0.2459016393442623,0.3020833333333333,0.9772727272727273,0.4491017964071856,0.8969072164948454,0.9772727272727273,0.31779661016949157,0.4519480519480519
0.9850746268656716,0.2698412698412698,0.2889344262295082,0.9850746268656716,0.5862068965517241,0.8650306748466258,0.9850746268656716,0.3695652173913043,0.43317972350230416
