Persona Precision,Entity Precision,Action Precision,Persona Recall,Entity Recall,Action Recall,Persona F-Measure,Entity F-Measure,Action F-Measure
0.9636479591836735,0.8379588182632051,0.7668711656441718,0.9921208141825345,0.5030455034037979,0.6244490155744931,0.9776771271433194,0.6286801746333818,0.68837058632977
