Persona Precision,Entity Precision,Action Precision,Persona Recall,Entity Recall,Action Recall,Persona F-Measure,Entity F-Measure,Action F-Measure
0.9636479591836735,0.8931662190390928,0.7903284012991699,0.9921208141825345,0.5361877463274812,0.6435498089920658,0.9776771271433194,0.6700996305832306,0.7094266277939747
