Persona Precision,Entity Precision,Action Precision,Persona Recall,Entity Recall,Action Recall,Persona F-Measure,Entity F-Measure,Action F-Measure
0.9636479591836735,0.8266189197254551,0.7365571995669433,0.9921208141825345,0.49623790756001435,0.5997649133117837,0.9776771271433194,0.6201723944923317,0.6611597019760285
