Persona Precision,Entity Precision,Action Precision,Persona Recall,Entity Recall,Action Recall,Persona F-Measure,Entity F-Measure,Action F-Measure
0.9936507936507937,0.08527493010251631,0.15916955017301038,0.9936507936507937,0.5304347826086957,0.9498525073746312,0.9936507936507937,0.14692894419911684,0.2726502963590178
