Persona Precision,Entity Precision,Action Precision,Persona Recall,Entity Recall,Action Recall,Persona F-Measure,Entity F-Measure,Action F-Measure
0.9936507936507937,0.05684995340167754,0.15027187345526447,0.9936507936507937,0.3536231884057971,0.8967551622418879,0.9936507936507937,0.09795262946607788,0.25740897544453856
