Persona Precision,Entity Precision,Action Precision,Persona Recall,Entity Recall,Action Recall,Persona F-Measure,Entity F-Measure,Action F-Measure
0.617693522906793,0.3902053712480253,0.9178515007898894,0.6167192429022083,0.34545454545454546,0.8506588579795022,0.617205998421468,0.36646884272997027,0.8829787234042554
0.4787234042553192,0.23404255319148937,0.9468085106382979,0.4787234042553192,0.21359223300970873,0.89,0.47872340425531923,0.22335025380710657,0.9175257731958764
0.9922480620155039,0.4883720930232558,0.9224806201550387,0.9922480620155039,0.48091603053435117,0.9153846153846154,0.9922480620155039,0.4846153846153846,0.9189189189189189
0.5785714285714286,0.4,0.9285714285714286,0.5785714285714286,0.35443037974683544,0.8227848101265823,0.5785714285714286,0.37583892617449666,0.87248322147651
0.20535714285714285,0.30357142857142855,0.8482142857142857,0.20535714285714285,0.2833333333333333,0.8050847457627118,0.20535714285714285,0.29310344827586204,0.8260869565217391
0.43601895734597157,0.36492890995260663,0.8815165876777251,0.43601895734597157,0.3055555555555556,0.8493150684931506,0.43601895734597157,0.3326133909287257,0.8651162790697675
