Persona Precision,Entity Precision,Action Precision,Persona Recall,Entity Recall,Action Recall,Persona F-Measure,Entity F-Measure,Action F-Measure
0.6224328593996841,0.5560821484992101,0.9842022116903634,0.6214511041009464,0.49230769230769234,0.9121522693997072,0.6219415943172849,0.5222551928783382,0.9468085106382979
0.4787234042553192,0.3829787234042553,0.9787234042553191,0.4787234042553192,0.34951456310679613,0.92,0.47872340425531923,0.3654822335025381,0.9484536082474226
0.9922480620155039,0.6201550387596899,0.9612403100775194,0.9922480620155039,0.6106870229007634,0.9538461538461539,0.9922480620155039,0.6153846153846154,0.9575289575289576
0.579136690647482,0.5,0.9892086330935251,0.579136690647482,0.4426751592356688,0.8785942492012779,0.579136690647482,0.4695945945945946,0.9306260575296108
0.20535714285714285,0.35714285714285715,0.9196428571428571,0.20535714285714285,0.3333333333333333,0.8728813559322034,0.20535714285714285,0.3448275862068965,0.8956521739130435
0.43333333333333335,0.5142857142857142,0.9761904761904762,0.43333333333333335,0.4302788844621514,0.9403669724770642,0.43333333333333335,0.46854663774403466,0.9579439252336448
