Persona Precision,Entity Precision,Action Precision,Persona Recall,Entity Recall,Action Recall,Persona F-Measure,Entity F-Measure,Action F-Measure
0.617693522906793,0.3886255924170616,0.9178515007898894,0.6167192429022083,0.34405594405594403,0.8506588579795022,0.617205998421468,0.3649851632047477,0.8829787234042554
0.4787234042553192,0.23404255319148937,0.9468085106382979,0.4787234042553192,0.21359223300970873,0.89,0.47872340425531923,0.22335025380710657,0.9175257731958764
0.9922480620155039,0.4883720930232558,0.9224806201550387,0.9922480620155039,0.48091603053435117,0.9153846153846154,0.9922480620155039,0.4846153846153846,0.9189189189189189
0.5755395683453237,0.4028776978417266,0.9280575539568345,0.5755395683453237,0.35668789808917195,0.8242811501597445,0.5755395683453237,0.37837837837837834,0.8730964467005077
0.20535714285714285,0.29464285714285715,0.8482142857142857,0.20535714285714285,0.275,0.8050847457627118,0.20535714285714285,0.28448275862068967,0.8260869565217391
0.43333333333333335,0.36666666666666664,0.8809523809523809,0.43333333333333335,0.30677290836653387,0.8486238532110092,0.43333333333333335,0.33405639913232105,0.8644859813084111
