Persona Precision,Entity Precision,Action Precision,Persona Recall,Entity Recall,Action Recall,Persona F-Measure,Entity F-Measure,Action F-Measure
0.9691358024691358,0.3588342440801457,0.5745614035087719,0.9968253968253968,0.5710144927536231,0.7728613569321534,0.9827856025039124,0.44071588366890374,0.659119496855346
