Persona Precision,Entity Precision,Action Precision,Persona Recall,Entity Recall,Action Recall,Persona F-Measure,Entity F-Measure,Action F-Measure
0.9691358024691358,0.3825136612021858,0.6008771929824561,0.9968253968253968,0.6086956521739131,0.8082595870206489,0.9827856025039124,0.4697986577181208,0.689308176100629
