Persona Precision,Entity Precision,Action Precision,Persona Recall,Entity Recall,Action Recall,Persona F-Measure,Entity F-Measure,Action F-Measure
0.9691358024691358,0.3570127504553734,0.5723684210526315,0.9968253968253968,0.5681159420289855,0.7699115044247787,0.9827856025039124,0.43847874720357943,0.6566037735849056
