Persona Precision,Entity Precision,Action Precision,Persona Recall,Entity Recall,Action Recall,Persona F-Measure,Entity F-Measure,Action F-Measure
0.9496402877697842,0.29918032786885246,0.576530612244898,1.0,0.5069444444444444,0.7847222222222222,0.974169741697417,0.3762886597938144,0.6647058823529411
1.0,0.30612244897959184,0.5555555555555556,1.0,0.5555555555555556,0.7407407407407407,1.0,0.3947368421052632,0.634920634920635
1.0,0.5454545454545454,0.42857142857142855,1.0,0.6666666666666666,0.4444444444444444,1.0,0.6,0.43636363636363634
0.9482758620689655,0.45054945054945056,0.6626506024096386,0.9821428571428571,0.6833333333333333,0.873015873015873,0.9649122807017544,0.543046357615894,0.7534246575342466
1.0,0.37037037037037035,0.5555555555555556,1.0,0.5882352941176471,0.8064516129032258,1.0,0.45454545454545453,0.6578947368421053
1.0,0.36619718309859156,0.53125,1.0,0.5416666666666666,0.7727272727272727,1.0,0.4369747899159664,0.6296296296296297
