Persona Precision,Entity Precision,Action Precision,Persona Recall,Entity Recall,Action Recall,Persona F-Measure,Entity F-Measure,Action F-Measure
0.9496402877697842,0.3319672131147541,0.6173469387755102,1.0,0.5625,0.8402777777777778,0.974169741697417,0.41752577319587625,0.711764705882353
1.0,0.32653061224489793,0.5833333333333334,1.0,0.5925925925925926,0.7777777777777778,1.0,0.42105263157894735,0.6666666666666666
1.0,0.5454545454545454,0.42857142857142855,1.0,0.6666666666666666,0.4444444444444444,1.0,0.6,0.43636363636363634
0.9482758620689655,0.45054945054945056,0.6746987951807228,0.9821428571428571,0.6833333333333333,0.8888888888888888,0.9649122807017544,0.543046357615894,0.7671232876712328
1.0,0.37037037037037035,0.5777777777777777,1.0,0.5882352941176471,0.8387096774193549,1.0,0.45454545454545453,0.6842105263157895
1.0,0.4225352112676056,0.546875,1.0,0.625,0.7954545454545454,1.0,0.5042016806722689,0.6481481481481481
