Persona Precision,Entity Precision,Action Precision,Persona Recall,Entity Recall,Action Recall,Persona F-Measure,Entity F-Measure,Action F-Measure
0.995260663507109,0.06655918931368034,0.15216310293386376,0.9936908517350158,0.4041958041958042,0.8960468521229868,0.994475138121547,0.11429701403994463,0.26014877789585544
1.0,0.04595879556259905,0.15270935960591134,1.0,0.2815533980582524,0.93,1.0,0.07901907356948228,0.2623413258110014
1.0,0.045871559633027525,0.2089041095890411,1.0,0.19083969465648856,0.9384615384615385,1.0,0.07396449704142012,0.34173669467787116
0.9964285714285714,0.06160670280926565,0.15772179627601315,0.9964285714285714,0.39556962025316456,0.9113924050632911,0.9964285714285714,0.10660980810234541,0.26890756302521013
0.9910714285714286,0.04859335038363171,0.14929577464788732,0.9910714285714286,0.31666666666666665,0.8983050847457628,0.9910714285714286,0.08425720620842572,0.25603864734299514
0.976303317535545,0.06302250803858521,0.12247557003257328,0.976303317535545,0.3888888888888889,0.8584474885844748,0.976303317535545,0.10846707249584947,0.21436716077537057
