Persona Precision,Entity Precision,Action Precision,Persona Recall,Entity Recall,Action Recall,Persona F-Measure,Entity F-Measure,Action F-Measure
0.9936808846761453,0.09926301243666513,0.16111387369467928,0.9921135646687698,0.6027972027972028,0.9487554904831625,0.9928966061562747,0.1704567925647617,0.27545164718384696
1.0,0.08082408874801902,0.15763546798029557,1.0,0.49514563106796117,0.96,1.0,0.13896457765667575,0.2708039492242595
1.0,0.08073394495412844,0.21746575342465754,1.0,0.33587786259541985,0.9769230769230769,1.0,0.1301775147928994,0.3557422969187676
0.9964285714285714,0.07984228684080828,0.16593647316538881,0.9964285714285714,0.5126582278481012,0.9588607594936709,0.9964285714285714,0.13816631130063967,0.28291316526610644
0.9910714285714286,0.054987212276214836,0.16056338028169015,0.9910714285714286,0.35833333333333334,0.9661016949152542,0.9910714285714286,0.09534368070953436,0.27536231884057977
0.976303317535545,0.08874598070739549,0.13485342019543975,0.976303317535545,0.5476190476190477,0.9452054794520548,0.976303317535545,0.1527393469839513,0.23603192702394532
