Persona Precision,Entity Precision,Action Precision,Persona Recall,Entity Recall,Action Recall,Persona F-Measure,Entity F-Measure,Action F-Measure
0.9936808846761453,0.09926301243666513,0.16111387369467928,0.9921135646687698,0.6027972027972028,0.9487554904831625,0.9928966061562747,0.1704567925647617,0.27545164718384696
1.0,0.08082408874801902,0.15763546798029557,1.0,0.49514563106796117,0.96,1.0,0.13896457765667575,0.2708039492242595
1.0,0.08073394495412844,0.21746575342465754,1.0,0.33587786259541985,0.9769230769230769,1.0,0.1301775147928994,0.3557422969187676
0.9964028776978417,0.08009950248756219,0.16592920353982302,0.9964028776978417,0.5127388535031847,0.9584664536741214,0.9964028776978417,0.13855421686746988,0.2828854314002829
0.9910714285714286,0.054987212276214836,0.16056338028169015,0.9910714285714286,0.35833333333333334,0.9661016949152542,0.9910714285714286,0.09534368070953436,0.27536231884057977
0.9761904761904762,0.08932038834951456,0.1349934469200524,0.9761904761904762,0.549800796812749,0.944954128440367,0.9761904761904762,0.15367483296213805,0.23623853211009171
