Persona Precision,Entity Precision,Action Precision,Persona Recall,Entity Recall,Action Recall,Persona F-Measure,Entity F-Measure,Action F-Measure
0.9936808846761453,0.06563795485951175,0.15216310293386376,0.9921135646687698,0.3986013986013986,0.8960468521229868,0.9928966061562747,0.11271504844769628,0.26014877789585544
1.0,0.04595879556259905,0.15270935960591134,1.0,0.2815533980582524,0.93,1.0,0.07901907356948228,0.2623413258110014
1.0,0.045871559633027525,0.2089041095890411,1.0,0.19083969465648856,0.9384615384615385,1.0,0.07396449704142012,0.34173669467787116
0.9964028776978417,0.061691542288557215,0.15763274336283187,0.9964028776978417,0.39490445859872614,0.9105431309904153,0.9964028776978417,0.10671256454388985,0.2687411598302687
0.9910714285714286,0.04475703324808184,0.14929577464788732,0.9910714285714286,0.2916666666666667,0.8983050847457628,0.9910714285714286,0.07760532150776053,0.25603864734299514
0.9761904761904762,0.0634304207119741,0.12254259501965924,0.9761904761904762,0.3904382470119522,0.8577981651376146,0.9761904761904762,0.10913140311804008,0.21444954128440366
