Persona Precision,Entity Precision,Action Precision,Persona Recall,Entity Recall,Action Recall,Persona F-Measure,Entity F-Measure,Action F-Measure
0.9958677685950413,0.7664543524416136,0.8922495274102079,0.9958677685950413,0.66728280961183,0.9042145593869731,0.9958677685950413,0.7134387351778656,0.8981921979067554
