Persona Precision,Entity Precision,Action Precision,Persona Recall,Entity Recall,Action Recall,Persona F-Measure,Entity F-Measure,Action F-Measure
0.6502463054187192,0.6502463054187192,0.9950738916256158,0.6502463054187192,0.1647940074906367,0.43628509719222464,0.6502463054187192,0.26294820717131473,0.6066066066066066
0.5641025641025641,0.5128205128205128,0.9743589743589743,0.5641025641025641,0.11560693641618497,0.4175824175824176,0.5641025641025641,0.18867924528301888,0.5846153846153846
1.0,0.8780487804878049,0.975609756097561,1.0,0.2903225806451613,0.46511627906976744,1.0,0.4363636363636364,0.6299212598425197
0.5862068965517241,0.5402298850574713,0.9885057471264368,0.5862068965517241,0.1419939577039275,0.41346153846153844,0.5862068965517241,0.2248803827751196,0.5830508474576271
0.25,0.3409090909090909,0.8636363636363636,0.25,0.08982035928143713,0.3917525773195876,0.25,0.14218009478672985,0.5390070921985816
0.3880597014925373,0.6417910447761194,0.9850746268656716,0.3880597014925373,0.1853448275862069,0.4049079754601227,0.3880597014925373,0.28762541806020064,0.5739130434782608
