Persona Precision,Entity Precision,Action Precision,Persona Recall,Entity Recall,Action Recall,Persona F-Measure,Entity F-Measure,Action F-Measure
0.8841940532081377,0.16883923029174425,0.1009090909090909,0.8911671924290221,0.3804195804195804,0.16251830161054173,0.8876669285153181,0.233877901977644,0.12450925406618059
0.8829787234042553,0.1875,0.07971014492753623,0.8829787234042553,0.46601941747572817,0.11,0.8829787234042553,0.26740947075208915,0.09243697478991594
1.0,0.25443786982248523,0.047058823529411764,1.0,0.6564885496183206,0.09230769230769231,1.0,0.36673773987206826,0.06233766233766234
0.989247311827957,0.26475849731663686,0.0831353919239905,0.9928057553956835,0.4713375796178344,0.11182108626198083,0.9910233393177739,0.3390607101947308,0.09536784741144412
0.8035714285714286,0.20588235294117646,0.11242603550295859,0.8035714285714286,0.4083333333333333,0.16101694915254236,0.8035714285714286,0.27374301675977647,0.132404181184669
0.9766355140186916,0.2793427230046948,0.09597523219814241,0.9952380952380953,0.47410358565737054,0.14220183486238533,0.9858490566037736,0.3515509601181684,0.11460258780036968
