Persona Precision,Entity Precision,Action Precision,Persona Recall,Entity Recall,Action Recall,Persona F-Measure,Entity F-Measure,Action F-Measure
0.8043818466353677,0.1440099317194289,0.08181818181818182,0.8107255520504731,0.32447552447552447,0.13177159590043924,0.807541241162608,0.19948409286328458,0.10095344924284913
0.8723404255319149,0.1640625,0.07971014492753623,0.8723404255319149,0.4077669902912621,0.11,0.8723404255319149,0.23398328690807796,0.09243697478991594
0.9922480620155039,0.24260355029585798,0.043137254901960784,0.9922480620155039,0.6259541984732825,0.08461538461538462,0.9922480620155039,0.34968017057569295,0.057142857142857155
0.9323843416370107,0.2402135231316726,0.07294117647058823,0.9357142857142857,0.4272151898734177,0.0981012658227848,0.9340463458110516,0.3075170842824601,0.08367071524966262
0.6160714285714286,0.19327731092436976,0.08875739644970414,0.6160714285714286,0.38333333333333336,0.1271186440677966,0.6160714285714286,0.2569832402234637,0.10452961672473866
0.958139534883721,0.22429906542056074,0.07716049382716049,0.976303317535545,0.38095238095238093,0.1141552511415525,0.9671361502347418,0.2823529411764706,0.09208103130755063
