Persona Precision,Entity Precision,Action Precision,Persona Recall,Entity Recall,Action Recall,Persona F-Measure,Entity F-Measure,Action F-Measure
0.8043818466353677,0.1440099317194289,0.08181818181818182,0.8107255520504731,0.32447552447552447,0.13177159590043924,0.807541241162608,0.19948409286328458,0.10095344924284913
0.8723404255319149,0.1640625,0.07971014492753623,0.8723404255319149,0.4077669902912621,0.11,0.8723404255319149,0.23398328690807796,0.09243697478991594
0.9922480620155039,0.24260355029585798,0.043137254901960784,0.9922480620155039,0.6259541984732825,0.08461538461538462,0.9922480620155039,0.34968017057569295,0.057142857142857155
0.931899641577061,0.24150268336314848,0.07125890736342043,0.935251798561151,0.4299363057324841,0.09584664536741214,0.933572710951526,0.30927835051546393,0.08174386920980926
0.6160714285714286,0.19327731092436976,0.08875739644970414,0.6160714285714286,0.38333333333333336,0.1271186440677966,0.6160714285714286,0.2569832402234637,0.10452961672473866
0.9579439252336449,0.22300469483568075,0.07739938080495357,0.9761904761904762,0.3784860557768924,0.11467889908256881,0.9669811320754718,0.28064992614475626,0.09242144177449169
