Persona Precision,Entity Precision,Action Precision,Persona Recall,Entity Recall,Action Recall,Persona F-Measure,Entity F-Measure,Action F-Measure
0.6502463054187192,0.4433497536945813,0.916256157635468,0.6502463054187192,0.11235955056179775,0.4017278617710583,0.6502463054187192,0.17928286852589642,0.5585585585585585
0.5641025641025641,0.3076923076923077,0.9230769230769231,0.5641025641025641,0.06936416184971098,0.3956043956043956,0.5641025641025641,0.11320754716981132,0.5538461538461539
1.0,0.6341463414634146,0.9512195121951219,1.0,0.20967741935483872,0.45348837209302323,1.0,0.3151515151515151,0.6141732283464567
0.5862068965517241,0.42528735632183906,0.9080459770114943,0.5862068965517241,0.11178247734138973,0.3798076923076923,0.5862068965517241,0.1770334928229665,0.535593220338983
0.25,0.22727272727272727,0.75,0.25,0.059880239520958084,0.3402061855670103,0.25,0.0947867298578199,0.4680851063829786
0.3880597014925373,0.4626865671641791,0.9402985074626866,0.3880597014925373,0.1336206896551724,0.38650306748466257,0.3880597014925373,0.20735785953177258,0.5478260869565218
