Persona Precision,Entity Precision,Action Precision,Persona Recall,Entity Recall,Action Recall,Persona F-Measure,Entity F-Measure,Action F-Measure
0.6136363636363636,0.6742424242424242,1.0,0.6136363636363636,0.17450980392156862,0.42857142857142855,0.6136363636363636,0.2772585669781932,0.6
0.6,0.52,0.96,0.6,0.11607142857142858,0.39344262295081966,0.6,0.1897810218978102,0.5581395348837209
1.0,0.8518518518518519,0.9629629629629629,1.0,0.2987012987012987,0.4727272727272727,1.0,0.4423076923076923,0.6341463414634146
0.5714285714285714,0.5714285714285714,0.9821428571428571,0.5714285714285714,0.15458937198067632,0.41044776119402987,0.5714285714285714,0.2433460076045627,0.5789473684210527
0.2413793103448276,0.27586206896551724,0.896551724137931,0.2413793103448276,0.07272727272727272,0.40625,0.2413793103448276,0.11510791366906473,0.5591397849462365
0.37209302325581395,0.6511627906976745,1.0,0.37209302325581395,0.19444444444444445,0.4174757281553398,0.3720930232558139,0.29946524064171126,0.5890410958904109
