Persona Precision,Entity Precision,Action Precision,Persona Recall,Entity Recall,Action Recall,Persona F-Measure,Entity F-Measure,Action F-Measure
0.9771986970684039,0.8603411513859275,0.8816586921850079,0.9848982271831911,0.7228591902543892,0.8122245077872465,0.9810333551340745,0.7856308411214954,0.8455185071887428
