Persona Precision,Entity Precision,Action Precision,Persona Recall,Entity Recall,Action Recall,Persona F-Measure,Entity F-Measure,Action F-Measure
0.9771986970684039,0.811727078891258,0.8175438596491228,0.9848982271831911,0.6820136151916876,0.7531589773729063,0.9810333551340745,0.7412383177570093,0.7840318140104008
