Persona Precision,Entity Precision,Action Precision,Persona Recall,Entity Recall,Action Recall,Persona F-Measure,Entity F-Measure,Action F-Measure
0.9137577002053389,0.2028862478777589,0.08024691358024691,0.9194214876033058,0.4417744916820702,0.12452107279693486,0.9165808444902163,0.2780686445607911,0.09759759759759759
