Persona Precision,Entity Precision,Action Precision,Persona Recall,Entity Recall,Action Recall,Persona F-Measure,Entity F-Measure,Action F-Measure
0.5786593707250342,0.5170998632010944,0.9760601915184679,0.5782638414217361,0.46041412911084045,0.9094964945825367,0.5784615384615385,0.48711340206185566,0.9416034312108215
