Persona Precision,Entity Precision,Action Precision,Persona Recall,Entity Recall,Action Recall,Persona F-Measure,Entity F-Measure,Action F-Measure
0.5759233926128591,0.3789329685362517,0.9110807113543091,0.5755297334244702,0.3373934226552984,0.8489483747609943,0.5757264957264957,0.356958762886598,0.8789178488947542
