Persona Precision,Entity Precision,Action Precision,Persona Recall,Entity Recall,Action Recall,Persona F-Measure,Entity F-Measure,Action F-Measure
1.0,0.8181818181818182,0.9393063583815029,1.0,0.7043478260869566,0.9587020648967551,1.0,0.7570093457943926,0.948905109489051
