Persona Precision,Entity Precision,Action Precision,Persona Recall,Entity Recall,Action Recall,Persona F-Measure,Entity F-Measure,Action F-Measure
0.5867768595041323,0.42768595041322316,0.9049586776859504,0.5867768595041323,0.11262241566920565,0.39282511210762333,0.5867768595041323,0.17829457364341084,0.5478424015009381
