Persona Precision,Entity Precision,Action Precision,Persona Recall,Entity Recall,Action Recall,Persona F-Measure,Entity F-Measure,Action F-Measure
0.9958677685950413,0.05924382256623995,0.14741544352265476,0.9958677685950413,0.3678373382624769,0.8850574712643678,0.9958677685950413,0.10205128205128204,0.25273522975929974
