Persona Precision,Entity Precision,Action Precision,Persona Recall,Entity Recall,Action Recall,Persona F-Measure,Entity F-Measure,Action F-Measure
0.9958677685950413,0.08693063411729682,0.15730695596681557,0.9958677685950413,0.5397412199630314,0.9444444444444444,0.9958677685950413,0.14974358974358973,0.2696936542669584
