Persona Precision,Entity Precision,Action Precision,Persona Recall,Entity Recall,Action Recall,Persona F-Measure,Entity F-Measure,Action F-Measure
0.995260663507109,0.2478120681713496,0.27772252610641474,0.9936908517350158,0.44889445139758033,0.7995705082319255,0.994475138121547,0.31933521293960526,0.41225318324414106
1.0,0.21077654516640254,0.2627257799671593,1.0,0.3333333333333333,0.7582938388625592,1.0,0.258252427184466,0.3902439024390244
1.0,0.25321100917431194,0.3732876712328767,1.0,0.38227146814404434,0.8755020080321285,1.0,0.30463576158940403,0.5234093637454982
0.9964028776978417,0.23432835820895523,0.2948008849557522,0.9964028776978417,0.4563953488372093,0.8289269051321928,0.9964028776978417,0.3096646942800789,0.43492452060383513
0.9910714285714286,0.16879795396419436,0.29014084507042254,0.9910714285714286,0.315035799522673,0.824,0.9910714285714286,0.21981681931723562,0.4291666666666667
0.9761904761904762,0.21359223300970873,0.25229357798165136,0.9761904761904762,0.4302477183833116,0.7446808510638298,0.9761904761904762,0.28546712802768165,0.37689672050905526
