Persona Precision,Entity Precision,Action Precision,Persona Recall,Entity Recall,Action Recall,Persona F-Measure,Entity F-Measure,Action F-Measure
0.995260663507109,0.2478120681713496,0.27772252610641474,0.9936908517350158,0.44889445139758033,0.7995705082319255,0.994475138121547,0.31933521293960526,0.41225318324414106
1.0,0.21077654516640254,0.2627257799671593,1.0,0.3333333333333333,0.7582938388625592,1.0,0.258252427184466,0.3902439024390244
1.0,0.25321100917431194,0.3732876712328767,1.0,0.38227146814404434,0.8755020080321285,1.0,0.30463576158940403,0.5234093637454982
0.9964285714285714,0.2350911779201577,0.2946330777656079,0.9964285714285714,0.45821325648414984,0.8276923076923077,0.9964285714285714,0.31074918566775245,0.43457189014539577
0.9910714285714286,0.16879795396419436,0.29014084507042254,0.9910714285714286,0.315035799522673,0.824,0.9910714285714286,0.21981681931723562,0.4291666666666667
0.976303317535545,0.21286173633440514,0.25276872964169383,0.976303317535545,0.4293125810635538,0.7461538461538462,0.976303317535545,0.28460877042132415,0.37761557177615573
