Persona Precision,Entity Precision,Action Precision,Persona Recall,Entity Recall,Action Recall,Persona F-Measure,Entity F-Measure,Action F-Measure
0.9936808846761453,0.3334868724090281,0.30034808552958725,0.9921135646687698,0.6040884438881936,0.8647100930565498,0.9928966061562747,0.42973734975515654,0.44583871563019
1.0,0.27258320126782887,0.277504105090312,1.0,0.43107769423558895,0.8009478672985783,1.0,0.3339805825242719,0.41219512195121955
1.0,0.3559633027522936,0.3972602739726027,1.0,0.5373961218836565,0.9317269076305221,1.0,0.4282560706401766,0.5570228091236494
0.9964285714285714,0.2878265155248891,0.32201533406352684,0.9964285714285714,0.5609990393852066,0.9046153846153846,0.9964285714285714,0.38045602605863194,0.4749596122778676
0.9910714285714286,0.2391304347826087,0.3267605633802817,0.9910714285714286,0.44630071599045346,0.928,0.9910714285714286,0.31140716069941715,0.4833333333333334
0.976303317535545,0.2958199356913183,0.29511400651465797,0.976303317535545,0.5966277561608301,0.8711538461538462,0.976303317535545,0.39552880481513325,0.44087591240875906
