Persona Precision,Entity Precision,Action Precision,Persona Recall,Entity Recall,Action Recall,Persona F-Measure,Entity F-Measure,Action F-Measure
0.9936808846761453,0.3334868724090281,0.30034808552958725,0.9921135646687698,0.6040884438881936,0.8647100930565498,0.9928966061562747,0.42973734975515654,0.44583871563019
1.0,0.27258320126782887,0.277504105090312,1.0,0.43107769423558895,0.8009478672985783,1.0,0.3339805825242719,0.41219512195121955
1.0,0.3559633027522936,0.3972602739726027,1.0,0.5373961218836565,0.9317269076305221,1.0,0.4282560706401766,0.5570228091236494
0.9964028776978417,0.28756218905472636,0.3219026548672566,0.9964028776978417,0.560077519379845,0.9051321928460342,0.9964028776978417,0.3800131492439185,0.4749082007343941
0.9910714285714286,0.2391304347826087,0.3267605633802817,0.9910714285714286,0.44630071599045346,0.928,0.9910714285714286,0.31140716069941715,0.4833333333333334
0.9761904761904762,0.2970873786407767,0.2948885976408912,0.9761904761904762,0.5984354628422425,0.8704061895551257,0.9761904761904762,0.3970588235294118,0.4405286343612335
