Persona Precision,Entity Precision,Action Precision,Persona Recall,Entity Recall,Action Recall,Persona F-Measure,Entity F-Measure,Action F-Measure
0.9936808846761453,0.24573929064947028,0.2772252610641472,0.9921135646687698,0.4451397580308719,0.7981388690050107,0.9928966061562747,0.31666419350051933,0.41151503967521685
1.0,0.19968304278922344,0.2627257799671593,1.0,0.3157894736842105,0.7582938388625592,1.0,0.24466019417475726,0.3902439024390244
1.0,0.25137614678899084,0.3732876712328767,1.0,0.37950138504155123,0.8755020080321285,1.0,0.30242825607064017,0.5234093637454982
0.9964285714285714,0.23361261705273534,0.2940854326396495,0.9964285714285714,0.4553314121037464,0.8261538461538461,0.9964285714285714,0.3087947882736157,0.43376413570274636
0.9910714285714286,0.1636828644501279,0.2887323943661972,0.9910714285714286,0.3054892601431981,0.82,0.9910714285714286,0.21315570358034971,0.42708333333333337
0.976303317535545,0.21221864951768488,0.25276872964169383,0.976303317535545,0.4280155642023346,0.7461538461538462,0.976303317535545,0.2837489251934652,0.37761557177615573
