Persona Precision,Entity Precision,Action Precision,Persona Recall,Entity Recall,Action Recall,Persona F-Measure,Entity F-Measure,Action F-Measure
0.9936808846761453,0.24573929064947028,0.2772252610641472,0.9921135646687698,0.4451397580308719,0.7981388690050107,0.9928966061562747,0.31666419350051933,0.41151503967521685
1.0,0.19968304278922344,0.2627257799671593,1.0,0.3157894736842105,0.7582938388625592,1.0,0.24466019417475726,0.3902439024390244
1.0,0.25137614678899084,0.3732876712328767,1.0,0.37950138504155123,0.8755020080321285,1.0,0.30242825607064017,0.5234093637454982
0.9964028776978417,0.23283582089552238,0.2942477876106195,0.9964028776978417,0.45348837209302323,0.8273716951788491,0.9964028776978417,0.30769230769230765,0.434108527131783
0.9910714285714286,0.1636828644501279,0.2887323943661972,0.9910714285714286,0.3054892601431981,0.82,0.9910714285714286,0.21315570358034971,0.42708333333333337
0.9761904761904762,0.21294498381877022,0.25229357798165136,0.9761904761904762,0.42894393741851367,0.7446808510638298,0.9761904761904762,0.28460207612456745,0.37689672050905526
