Persona Precision,Entity Precision,Action Precision,Persona Recall,Entity Recall,Action Recall,Persona F-Measure,Entity F-Measure,Action F-Measure
1.0,0.8709677419354839,0.9177215189873418,1.0,0.9,0.9415584415584416,1.0,0.8852459016393444,0.9294871794871796
1.0,0.9152542372881356,0.765625,1.0,0.9642857142857143,0.8032786885245902,1.0,0.9391304347826087,0.784
1.0,0.875,0.98,1.0,0.9090909090909091,0.8909090909090909,1.0,0.8917197452229298,0.9333333333333333
1.0,0.8461538461538461,0.917910447761194,1.0,0.8502415458937198,0.917910447761194,1.0,0.8481927710843374,0.917910447761194
1.0,0.9009009009009009,0.890625,1.0,0.9090909090909091,0.890625,1.0,0.9049773755656109,0.890625
1.0,0.8456375838926175,0.8058252427184466,1.0,0.875,0.8058252427184466,1.0,0.8600682593856656,0.8058252427184465
