Persona Precision,Entity Precision,Action Precision,Persona Recall,Entity Recall,Action Recall,Persona F-Measure,Entity F-Measure,Action F-Measure
1.0,0.8330170777988615,0.8924050632911392,1.0,0.8607843137254902,0.9155844155844156,1.0,0.8466730954676953,0.9038461538461539
1.0,0.8898305084745762,0.734375,1.0,0.9375,0.7704918032786885,1.0,0.9130434782608696,0.7519999999999999
1.0,0.8625,0.92,1.0,0.8961038961038961,0.8363636363636363,1.0,0.8789808917197451,0.8761904761904761
1.0,0.8028846153846154,0.8805970149253731,1.0,0.8067632850241546,0.8805970149253731,1.0,0.8048192771084338,0.8805970149253731
1.0,0.8558558558558559,0.84375,1.0,0.8636363636363636,0.84375,1.0,0.8597285067873303,0.84375
1.0,0.8187919463087249,0.7281553398058253,1.0,0.8472222222222222,0.7281553398058253,1.0,0.8327645051194539,0.7281553398058251
