Persona Precision,Entity Precision,Action Precision,Persona Recall,Entity Recall,Action Recall,Persona F-Measure,Entity F-Measure,Action F-Measure
1.0,0.7673545966228893,0.8509316770186336,1.0,0.8019607843137255,0.8896103896103896,1.0,0.7842761265580058,0.86984126984127
1.0,0.7966101694915254,0.7101449275362319,1.0,0.8392857142857143,0.8032786885245902,1.0,0.8173913043478261,0.7538461538461538
1.0,0.7721518987341772,0.8823529411764706,1.0,0.7922077922077922,0.8181818181818182,1.0,0.7820512820512822,0.8490566037735848
1.0,0.7401960784313726,0.8561151079136691,1.0,0.7294685990338164,0.8880597014925373,1.0,0.7347931873479319,0.8717948717948718
1.0,0.7641509433962265,0.8412698412698413,1.0,0.7363636363636363,0.828125,1.0,0.7500000000000001,0.8346456692913385
1.0,0.7310344827586207,0.7920792079207921,1.0,0.7361111111111112,0.7766990291262136,1.0,0.7335640138408304,0.7843137254901961
