Persona Precision,Entity Precision,Action Precision,Persona Recall,Entity Recall,Action Recall,Persona F-Measure,Entity F-Measure,Action F-Measure
0.9855737704918033,0.8255522088353414,0.83801462100808,0.9868680236375574,0.5892153350053744,0.6400235086688216,0.9862204724409448,0.6876437382395986,0.7257580806397868
