Persona Precision,Entity Precision,Action Precision,Persona Recall,Entity Recall,Action Recall,Persona F-Measure,Entity F-Measure,Action F-Measure
0.9855737704918033,0.8762550200803213,0.9057329742208542,0.9868680236375574,0.6254030813328556,0.6917425800764032,0.9862204724409448,0.7298766464561991,0.7844051982672443
