Persona Precision,Entity Precision,Action Precision,Persona Recall,Entity Recall,Action Recall,Persona F-Measure,Entity F-Measure,Action F-Measure
0.9855737704918033,0.8157630522088354,0.8360908041554445,0.9868680236375574,0.582228591902544,0.6385542168674698,0.9862204724409448,0.679489859920552,0.7240919693435521
